bits,field,n,field_cost_ops,rho_ops,ratio_field_to_rho,sqrt_n
12,A1_bpr_substrate,1787,0,490,0.0,42
12,A2_bpr_winding_comb,1787,0,490,0.0,42
12,B1_curve_xcoord,1787,262,490,0.5346938775510204,42
12,B2_curve_substrate,1787,262,490,0.5346938775510204,42
12,C1_q_coupled_diff,1787,262,490,0.5346938775510204,42
12,C2_q_coupled_sum,1787,518,490,1.0571428571428572,42
12,C3_q_coupled_substrate,1787,262,490,0.5346938775510204,42
12,C4_q_coupled_multiprime,1787,262,490,0.5346938775510204,42
12,C5_q_coupled_bilinear,1787,262,490,0.5346938775510204,42
12,C6_winding_resonance,1787,262,490,0.5346938775510204,42
12,A1_bpr_substrate,3911,0,276,0.0,62
12,A2_bpr_winding_comb,3911,0,276,0.0,62
12,B1_curve_xcoord,3911,269,276,0.9746376811594203,62
12,B2_curve_substrate,3911,269,276,0.9746376811594203,62
12,C1_q_coupled_diff,3911,269,276,0.9746376811594203,62
12,C2_q_coupled_sum,3911,525,276,1.9021739130434783,62
12,C3_q_coupled_substrate,3911,269,276,0.9746376811594203,62
12,C4_q_coupled_multiprime,3911,269,276,0.9746376811594203,62
12,C5_q_coupled_bilinear,3911,269,276,0.9746376811594203,62
12,C6_winding_resonance,3911,269,276,0.9746376811594203,62
12,A1_bpr_substrate,2591,0,486,0.0,50
12,A2_bpr_winding_comb,2591,0,486,0.0,50
12,B1_curve_xcoord,2591,270,486,0.5555555555555556,50
12,B2_curve_substrate,2591,270,486,0.5555555555555556,50
12,C1_q_coupled_diff,2591,270,486,0.5555555555555556,50
12,C2_q_coupled_sum,2591,526,486,1.0823045267489713,50
12,C3_q_coupled_substrate,2591,270,486,0.5555555555555556,50
12,C4_q_coupled_multiprime,2591,270,486,0.5555555555555556,50
12,C5_q_coupled_bilinear,2591,270,486,0.5555555555555556,50
12,C6_winding_resonance,2591,270,486,0.5555555555555556,50
12,A1_bpr_substrate,3931,0,546,0.0,62
12,A2_bpr_winding_comb,3931,0,546,0.0,62
12,B1_curve_xcoord,3931,272,546,0.4981684981684982,62
12,B2_curve_substrate,3931,272,546,0.4981684981684982,62
12,C1_q_coupled_diff,3931,272,546,0.4981684981684982,62
12,C2_q_coupled_sum,3931,528,546,0.967032967032967,62
12,C3_q_coupled_substrate,3931,272,546,0.4981684981684982,62
12,C4_q_coupled_multiprime,3931,272,546,0.4981684981684982,62
12,C5_q_coupled_bilinear,3931,272,546,0.4981684981684982,62
12,C6_winding_resonance,3931,272,546,0.4981684981684982,62
12,A1_bpr_substrate,1201,0,284,0.0,34
12,A2_bpr_winding_comb,1201,0,284,0.0,34
12,B1_curve_xcoord,1201,270,284,0.9507042253521126,34
12,B2_curve_substrate,1201,270,284,0.9507042253521126,34
12,C1_q_coupled_diff,1201,270,284,0.9507042253521126,34
12,C2_q_coupled_sum,1201,526,284,1.852112676056338,34
12,C3_q_coupled_substrate,1201,270,284,0.9507042253521126,34
12,C4_q_coupled_multiprime,1201,270,284,0.9507042253521126,34
12,C5_q_coupled_bilinear,1201,270,284,0.9507042253521126,34
12,C6_winding_resonance,1201,270,284,0.9507042253521126,34
12,A1_bpr_substrate,1049,0,233,0.0,32
12,A2_bpr_winding_comb,1049,0,233,0.0,32
12,B1_curve_xcoord,1049,254,233,1.090128755364807,32
12,B2_curve_substrate,1049,254,233,1.090128755364807,32
12,C1_q_coupled_diff,1049,254,233,1.090128755364807,32
12,C2_q_coupled_sum,1049,509,233,2.184549356223176,32
12,C3_q_coupled_substrate,1049,254,233,1.090128755364807,32
12,C4_q_coupled_multiprime,1049,254,233,1.090128755364807,32
12,C5_q_coupled_bilinear,1049,254,233,1.090128755364807,32
12,C6_winding_resonance,1049,254,233,1.090128755364807,32
12,A1_bpr_substrate,2683,0,298,0.0,51
12,A2_bpr_winding_comb,2683,0,298,0.0,51
12,B1_curve_xcoord,2683,272,298,0.912751677852349,51
12,B2_curve_substrate,2683,272,298,0.912751677852349,51
12,C1_q_coupled_diff,2683,272,298,0.912751677852349,51
12,C2_q_coupled_sum,2683,528,298,1.7718120805369129,51
12,C3_q_coupled_substrate,2683,272,298,0.912751677852349,51
12,C4_q_coupled_multiprime,2683,272,298,0.912751677852349,51
12,C5_q_coupled_bilinear,2683,272,298,0.912751677852349,51
12,C6_winding_resonance,2683,272,298,0.912751677852349,51
12,A1_bpr_substrate,3923,0,394,0.0,62
12,A2_bpr_winding_comb,3923,0,394,0.0,62
12,B1_curve_xcoord,3923,268,394,0.6802030456852792,62
12,B2_curve_substrate,3923,268,394,0.6802030456852792,62
12,C1_q_coupled_diff,3923,268,394,0.6802030456852792,62
12,C2_q_coupled_sum,3923,524,394,1.3299492385786802,62
12,C3_q_coupled_substrate,3923,268,394,0.6802030456852792,62
12,C4_q_coupled_multiprime,3923,268,394,0.6802030456852792,62
12,C5_q_coupled_bilinear,3923,268,394,0.6802030456852792,62
12,C6_winding_resonance,3923,268,394,0.6802030456852792,62
12,A1_bpr_substrate,1103,0,96,0.0,33
12,A2_bpr_winding_comb,1103,0,96,0.0,33
12,B1_curve_xcoord,1103,269,96,2.8020833333333335,33
12,B2_curve_substrate,1103,269,96,2.8020833333333335,33
12,C1_q_coupled_diff,1103,269,96,2.8020833333333335,33
12,C2_q_coupled_sum,1103,525,96,5.46875,33
12,C3_q_coupled_substrate,1103,269,96,2.8020833333333335,33
12,C4_q_coupled_multiprime,1103,269,96,2.8020833333333335,33
12,C5_q_coupled_bilinear,1103,269,96,2.8020833333333335,33
12,C6_winding_resonance,1103,269,96,2.8020833333333335,33
12,A1_bpr_substrate,3049,0,320,0.0,55
12,A2_bpr_winding_comb,3049,0,320,0.0,55
12,B1_curve_xcoord,3049,270,320,0.84375,55
12,B2_curve_substrate,3049,270,320,0.84375,55
12,C1_q_coupled_diff,3049,270,320,0.84375,55
12,C2_q_coupled_sum,3049,526,320,1.64375,55
12,C3_q_coupled_substrate,3049,270,320,0.84375,55
12,C4_q_coupled_multiprime,3049,270,320,0.84375,55
12,C5_q_coupled_bilinear,3049,270,320,0.84375,55
12,C6_winding_resonance,3049,270,320,0.84375,55
12,A1_bpr_substrate,3923,0,250,0.0,62
12,A2_bpr_winding_comb,3923,0,250,0.0,62
12,B1_curve_xcoord,3923,272,250,1.088,62
12,B2_curve_substrate,3923,272,250,1.088,62
12,C1_q_coupled_diff,3923,272,250,1.088,62
12,C2_q_coupled_sum,3923,528,250,2.112,62
12,C3_q_coupled_substrate,3923,272,250,1.088,62
12,C4_q_coupled_multiprime,3923,272,250,1.088,62
12,C5_q_coupled_bilinear,3923,272,250,1.088,62
12,C6_winding_resonance,3923,272,250,1.088,62
12,A1_bpr_substrate,1277,0,464,0.0,35
12,A2_bpr_winding_comb,1277,0,464,0.0,35
12,B1_curve_xcoord,1277,267,464,0.5754310344827587,35
12,B2_curve_substrate,1277,267,464,0.5754310344827587,35
12,C1_q_coupled_diff,1277,267,464,0.5754310344827587,35
12,C2_q_coupled_sum,1277,523,464,1.1271551724137931,35
12,C3_q_coupled_substrate,1277,267,464,0.5754310344827587,35
12,C4_q_coupled_multiprime,1277,267,464,0.5754310344827587,35
12,C5_q_coupled_bilinear,1277,267,464,0.5754310344827587,35
12,C6_winding_resonance,1277,267,464,0.5754310344827587,35
12,A1_bpr_substrate,1163,0,158,0.0,34
12,A2_bpr_winding_comb,1163,0,158,0.0,34
12,B1_curve_xcoord,1163,270,158,1.7088607594936709,34
12,B2_curve_substrate,1163,270,158,1.7088607594936709,34
12,C1_q_coupled_diff,1163,270,158,1.7088607594936709,34
12,C2_q_coupled_sum,1163,526,158,3.329113924050633,34
12,C3_q_coupled_substrate,1163,270,158,1.7088607594936709,34
12,C4_q_coupled_multiprime,1163,270,158,1.7088607594936709,34
12,C5_q_coupled_bilinear,1163,270,158,1.7088607594936709,34
12,C6_winding_resonance,1163,270,158,1.7088607594936709,34
12,A1_bpr_substrate,1171,0,180,0.0,34
12,A2_bpr_winding_comb,1171,0,180,0.0,34
12,B1_curve_xcoord,1171,263,180,1.461111111111111,34
12,B2_curve_substrate,1171,263,180,1.461111111111111,34
12,C1_q_coupled_diff,1171,263,180,1.461111111111111,34
12,C2_q_coupled_sum,1171,519,180,2.8833333333333333,34
12,C3_q_coupled_substrate,1171,263,180,1.461111111111111,34
12,C4_q_coupled_multiprime,1171,263,180,1.461111111111111,34
12,C5_q_coupled_bilinear,1171,263,180,1.461111111111111,34
12,C6_winding_resonance,1171,263,180,1.461111111111111,34
12,A1_bpr_substrate,2791,0,527,0.0,52
12,A2_bpr_winding_comb,2791,0,527,0.0,52
12,B1_curve_xcoord,2791,271,527,0.5142314990512334,52
12,B2_curve_substrate,2791,271,527,0.5142314990512334,52
12,C1_q_coupled_diff,2791,271,527,0.5142314990512334,52
12,C2_q_coupled_sum,2791,527,527,1.0,52
12,C3_q_coupled_substrate,2791,271,527,0.5142314990512334,52
12,C4_q_coupled_multiprime,2791,271,527,0.5142314990512334,52
12,C5_q_coupled_bilinear,2791,271,527,0.5142314990512334,52
12,C6_winding_resonance,2791,271,527,0.5142314990512334,52
12,A1_bpr_substrate,3719,0,530,0.0,60
12,A2_bpr_winding_comb,3719,0,530,0.0,60
12,B1_curve_xcoord,3719,273,530,0.5150943396226415,60
12,B2_curve_substrate,3719,273,530,0.5150943396226415,60
12,C1_q_coupled_diff,3719,273,530,0.5150943396226415,60
12,C2_q_coupled_sum,3719,529,530,0.9981132075471698,60
12,C3_q_coupled_substrate,3719,273,530,0.5150943396226415,60
12,C4_q_coupled_multiprime,3719,273,530,0.5150943396226415,60
12,C5_q_coupled_bilinear,3719,273,530,0.5150943396226415,60
12,C6_winding_resonance,3719,273,530,0.5150943396226415,60
12,A1_bpr_substrate,3853,0,470,0.0,62
12,A2_bpr_winding_comb,3853,0,470,0.0,62
12,B1_curve_xcoord,3853,270,470,0.574468085106383,62
12,B2_curve_substrate,3853,270,470,0.574468085106383,62
12,C1_q_coupled_diff,3853,270,470,0.574468085106383,62
12,C2_q_coupled_sum,3853,526,470,1.1191489361702127,62
12,C3_q_coupled_substrate,3853,270,470,0.574468085106383,62
12,C4_q_coupled_multiprime,3853,270,470,0.574468085106383,62
12,C5_q_coupled_bilinear,3853,270,470,0.574468085106383,62
12,C6_winding_resonance,3853,270,470,0.574468085106383,62
12,A1_bpr_substrate,2371,0,296,0.0,48
12,A2_bpr_winding_comb,2371,0,296,0.0,48
12,B1_curve_xcoord,2371,271,296,0.9155405405405406,48
12,B2_curve_substrate,2371,271,296,0.9155405405405406,48
12,C1_q_coupled_diff,2371,271,296,0.9155405405405406,48
12,C2_q_coupled_sum,2371,527,296,1.7804054054054055,48
12,C3_q_coupled_substrate,2371,271,296,0.9155405405405406,48
12,C4_q_coupled_multiprime,2371,271,296,0.9155405405405406,48
12,C5_q_coupled_bilinear,2371,271,296,0.9155405405405406,48
12,C6_winding_resonance,2371,271,296,0.9155405405405406,48
12,A1_bpr_substrate,3821,0,210,0.0,61
12,A2_bpr_winding_comb,3821,0,210,0.0,61
12,B1_curve_xcoord,3821,272,210,1.2952380952380953,61
12,B2_curve_substrate,3821,272,210,1.2952380952380953,61
12,C1_q_coupled_diff,3821,272,210,1.2952380952380953,61
12,C2_q_coupled_sum,3821,527,210,2.5095238095238095,61
12,C3_q_coupled_substrate,3821,272,210,1.2952380952380953,61
12,C4_q_coupled_multiprime,3821,272,210,1.2952380952380953,61
12,C5_q_coupled_bilinear,3821,272,210,1.2952380952380953,61
12,C6_winding_resonance,3821,272,210,1.2952380952380953,61
12,A1_bpr_substrate,1307,0,158,0.0,36
12,A2_bpr_winding_comb,1307,0,158,0.0,36
12,B1_curve_xcoord,1307,270,158,1.7088607594936709,36
12,B2_curve_substrate,1307,270,158,1.7088607594936709,36
12,C1_q_coupled_diff,1307,270,158,1.7088607594936709,36
12,C2_q_coupled_sum,1307,525,158,3.3227848101265822,36
12,C3_q_coupled_substrate,1307,270,158,1.7088607594936709,36
12,C4_q_coupled_multiprime,1307,270,158,1.7088607594936709,36
12,C5_q_coupled_bilinear,1307,270,158,1.7088607594936709,36
12,C6_winding_resonance,1307,270,158,1.7088607594936709,36
12,A1_bpr_substrate,3847,0,555,0.0,62
12,A2_bpr_winding_comb,3847,0,555,0.0,62
12,B1_curve_xcoord,3847,272,555,0.4900900900900901,62
12,B2_curve_substrate,3847,272,555,0.4900900900900901,62
12,C1_q_coupled_diff,3847,272,555,0.4900900900900901,62
12,C2_q_coupled_sum,3847,528,555,0.9513513513513514,62
12,C3_q_coupled_substrate,3847,272,555,0.4900900900900901,62
12,C4_q_coupled_multiprime,3847,272,555,0.4900900900900901,62
12,C5_q_coupled_bilinear,3847,272,555,0.4900900900900901,62
12,C6_winding_resonance,3847,272,555,0.4900900900900901,62
12,A1_bpr_substrate,1151,0,176,0.0,33
12,A2_bpr_winding_comb,1151,0,176,0.0,33
12,B1_curve_xcoord,1151,267,176,1.5170454545454546,33
12,B2_curve_substrate,1151,267,176,1.5170454545454546,33
12,C1_q_coupled_diff,1151,267,176,1.5170454545454546,33
12,C2_q_coupled_sum,1151,522,176,2.965909090909091,33
12,C3_q_coupled_substrate,1151,267,176,1.5170454545454546,33
12,C4_q_coupled_multiprime,1151,267,176,1.5170454545454546,33
12,C5_q_coupled_bilinear,1151,267,176,1.5170454545454546,33
12,C6_winding_resonance,1151,267,176,1.5170454545454546,33
12,A1_bpr_substrate,1283,0,299,0.0,35
12,A2_bpr_winding_comb,1283,0,299,0.0,35
12,B1_curve_xcoord,1283,269,299,0.8996655518394648,35
12,B2_curve_substrate,1283,269,299,0.8996655518394648,35
12,C1_q_coupled_diff,1283,269,299,0.8996655518394648,35
12,C2_q_coupled_sum,1283,524,299,1.7525083612040133,35
12,C3_q_coupled_substrate,1283,269,299,0.8996655518394648,35
12,C4_q_coupled_multiprime,1283,269,299,0.8996655518394648,35
12,C5_q_coupled_bilinear,1283,269,299,0.8996655518394648,35
12,C6_winding_resonance,1283,269,299,0.8996655518394648,35
12,A1_bpr_substrate,1861,0,438,0.0,43
12,A2_bpr_winding_comb,1861,0,438,0.0,43
12,B1_curve_xcoord,1861,267,438,0.6095890410958904,43
12,B2_curve_substrate,1861,267,438,0.6095890410958904,43
12,C1_q_coupled_diff,1861,267,438,0.6095890410958904,43
12,C2_q_coupled_sum,1861,523,438,1.1940639269406392,43
12,C3_q_coupled_substrate,1861,267,438,0.6095890410958904,43
12,C4_q_coupled_multiprime,1861,267,438,0.6095890410958904,43
12,C5_q_coupled_bilinear,1861,267,438,0.6095890410958904,43
12,C6_winding_resonance,1861,267,438,0.6095890410958904,43
12,A1_bpr_substrate,1231,0,228,0.0,35
12,A2_bpr_winding_comb,1231,0,228,0.0,35
12,B1_curve_xcoord,1231,268,228,1.1754385964912282,35
12,B2_curve_substrate,1231,268,228,1.1754385964912282,35
12,C1_q_coupled_diff,1231,268,228,1.1754385964912282,35
12,C2_q_coupled_sum,1231,524,228,2.2982456140350878,35
12,C3_q_coupled_substrate,1231,268,228,1.1754385964912282,35
12,C4_q_coupled_multiprime,1231,268,228,1.1754385964912282,35
12,C5_q_coupled_bilinear,1231,268,228,1.1754385964912282,35
12,C6_winding_resonance,1231,268,228,1.1754385964912282,35
12,A1_bpr_substrate,1913,0,179,0.0,43
12,A2_bpr_winding_comb,1913,0,179,0.0,43
12,B1_curve_xcoord,1913,274,179,1.5307262569832403,43
12,B2_curve_substrate,1913,274,179,1.5307262569832403,43
12,C1_q_coupled_diff,1913,274,179,1.5307262569832403,43
12,C2_q_coupled_sum,1913,530,179,2.9608938547486034,43
12,C3_q_coupled_substrate,1913,274,179,1.5307262569832403,43
12,C4_q_coupled_multiprime,1913,274,179,1.5307262569832403,43
12,C5_q_coupled_bilinear,1913,274,179,1.5307262569832403,43
12,C6_winding_resonance,1913,274,179,1.5307262569832403,43
12,A1_bpr_substrate,2267,0,81,0.0,47
12,A2_bpr_winding_comb,2267,0,81,0.0,47
12,B1_curve_xcoord,2267,264,81,3.259259259259259,47
12,B2_curve_substrate,2267,264,81,3.259259259259259,47
12,C1_q_coupled_diff,2267,264,81,3.259259259259259,47
12,C2_q_coupled_sum,2267,520,81,6.419753086419753,47
12,C3_q_coupled_substrate,2267,264,81,3.259259259259259,47
12,C4_q_coupled_multiprime,2267,264,81,3.259259259259259,47
12,C5_q_coupled_bilinear,2267,264,81,3.259259259259259,47
12,C6_winding_resonance,2267,264,81,3.259259259259259,47
12,A1_bpr_substrate,1571,0,335,0.0,39
12,A2_bpr_winding_comb,1571,0,335,0.0,39
12,B1_curve_xcoord,1571,271,335,0.808955223880597,39
12,B2_curve_substrate,1571,271,335,0.808955223880597,39
12,C1_q_coupled_diff,1571,271,335,0.808955223880597,39
12,C2_q_coupled_sum,1571,527,335,1.5731343283582089,39
12,C3_q_coupled_substrate,1571,271,335,0.808955223880597,39
12,C4_q_coupled_multiprime,1571,271,335,0.808955223880597,39
12,C5_q_coupled_bilinear,1571,271,335,0.808955223880597,39
12,C6_winding_resonance,1571,271,335,0.808955223880597,39
12,A1_bpr_substrate,3907,0,602,0.0,62
12,A2_bpr_winding_comb,3907,0,602,0.0,62
12,B1_curve_xcoord,3907,271,602,0.45016611295681064,62
12,B2_curve_substrate,3907,271,602,0.45016611295681064,62
12,C1_q_coupled_diff,3907,271,602,0.45016611295681064,62
12,C2_q_coupled_sum,3907,527,602,0.8754152823920266,62
12,C3_q_coupled_substrate,3907,271,602,0.45016611295681064,62
12,C4_q_coupled_multiprime,3907,271,602,0.45016611295681064,62
12,C5_q_coupled_bilinear,3907,271,602,0.45016611295681064,62
12,C6_winding_resonance,3907,271,602,0.45016611295681064,62
12,A1_bpr_substrate,1753,0,106,0.0,41
12,A2_bpr_winding_comb,1753,0,106,0.0,41
12,B1_curve_xcoord,1753,271,106,2.556603773584906,41
12,B2_curve_substrate,1753,271,106,2.556603773584906,41
12,C1_q_coupled_diff,1753,271,106,2.556603773584906,41
12,C2_q_coupled_sum,1753,526,106,4.962264150943396,41
12,C3_q_coupled_substrate,1753,271,106,2.556603773584906,41
12,C4_q_coupled_multiprime,1753,271,106,2.556603773584906,41
12,C5_q_coupled_bilinear,1753,271,106,2.556603773584906,41
12,C6_winding_resonance,1753,271,106,2.556603773584906,41
14,A1_bpr_substrate,4457,0,348,0.0,66
14,A2_bpr_winding_comb,4457,0,348,0.0,66
14,B1_curve_xcoord,4457,272,348,0.7816091954022989,66
14,B2_curve_substrate,4457,272,348,0.7816091954022989,66
14,C1_q_coupled_diff,4457,272,348,0.7816091954022989,66
14,C2_q_coupled_sum,4457,528,348,1.5172413793103448,66
14,C3_q_coupled_substrate,4457,272,348,0.7816091954022989,66
14,C4_q_coupled_multiprime,4457,272,348,0.7816091954022989,66
14,C5_q_coupled_bilinear,4457,272,348,0.7816091954022989,66
14,C6_winding_resonance,4457,272,348,0.7816091954022989,66
14,A1_bpr_substrate,13613,0,271,0.0,116
14,A2_bpr_winding_comb,13613,0,271,0.0,116
14,B1_curve_xcoord,13613,271,271,1.0,116
14,B2_curve_substrate,13613,271,271,1.0,116
14,C1_q_coupled_diff,13613,271,271,1.0,116
14,C2_q_coupled_sum,13613,527,271,1.944649446494465,116
14,C3_q_coupled_substrate,13613,271,271,1.0,116
14,C4_q_coupled_multiprime,13613,271,271,1.0,116
14,C5_q_coupled_bilinear,13613,271,271,1.0,116
14,C6_winding_resonance,13613,271,271,1.0,116
14,A1_bpr_substrate,14731,0,1094,0.0,121
14,A2_bpr_winding_comb,14731,0,1094,0.0,121
14,B1_curve_xcoord,14731,276,1094,0.2522851919561243,121
14,B2_curve_substrate,14731,276,1094,0.2522851919561243,121
14,C1_q_coupled_diff,14731,276,1094,0.2522851919561243,121
14,C2_q_coupled_sum,14731,532,1094,0.48628884826325414,121
14,C3_q_coupled_substrate,14731,276,1094,0.2522851919561243,121
14,C4_q_coupled_multiprime,14731,276,1094,0.2522851919561243,121
14,C5_q_coupled_bilinear,14731,276,1094,0.2522851919561243,121
14,C6_winding_resonance,14731,276,1094,0.2522851919561243,121
14,A1_bpr_substrate,12157,0,588,0.0,110
14,A2_bpr_winding_comb,12157,0,588,0.0,110
14,B1_curve_xcoord,12157,276,588,0.46938775510204084,110
14,B2_curve_substrate,12157,276,588,0.46938775510204084,110
14,C1_q_coupled_diff,12157,276,588,0.46938775510204084,110
14,C2_q_coupled_sum,12157,532,588,0.9047619047619048,110
14,C3_q_coupled_substrate,12157,276,588,0.46938775510204084,110
14,C4_q_coupled_multiprime,12157,276,588,0.46938775510204084,110
14,C5_q_coupled_bilinear,12157,276,588,0.46938775510204084,110
14,C6_winding_resonance,12157,276,588,0.46938775510204084,110
14,A1_bpr_substrate,4241,0,835,0.0,65
14,A2_bpr_winding_comb,4241,0,835,0.0,65
14,B1_curve_xcoord,4241,273,835,0.3269461077844311,65
14,B2_curve_substrate,4241,273,835,0.3269461077844311,65
14,C1_q_coupled_diff,4241,273,835,0.3269461077844311,65
14,C2_q_coupled_sum,4241,529,835,0.6335329341317365,65
14,C3_q_coupled_substrate,4241,273,835,0.3269461077844311,65
14,C4_q_coupled_multiprime,4241,273,835,0.3269461077844311,65
14,C5_q_coupled_bilinear,4241,273,835,0.3269461077844311,65
14,C6_winding_resonance,4241,273,835,0.3269461077844311,65
14,A1_bpr_substrate,9643,0,162,0.0,98
14,A2_bpr_winding_comb,9643,0,162,0.0,98
14,B1_curve_xcoord,9643,278,162,1.7160493827160495,98
14,B2_curve_substrate,9643,278,162,1.7160493827160495,98
14,C1_q_coupled_diff,9643,278,162,1.7160493827160495,98
14,C2_q_coupled_sum,9643,534,162,3.2962962962962963,98
14,C3_q_coupled_substrate,9643,278,162,1.7160493827160495,98
14,C4_q_coupled_multiprime,9643,278,162,1.7160493827160495,98
14,C5_q_coupled_bilinear,9643,278,162,1.7160493827160495,98
14,C6_winding_resonance,9643,278,162,1.7160493827160495,98
14,A1_bpr_substrate,13003,0,206,0.0,114
14,A2_bpr_winding_comb,13003,0,206,0.0,114
14,B1_curve_xcoord,13003,276,206,1.3398058252427185,114
14,B2_curve_substrate,13003,276,206,1.3398058252427185,114
14,C1_q_coupled_diff,13003,276,206,1.3398058252427185,114
14,C2_q_coupled_sum,13003,532,206,2.5825242718446604,114
14,C3_q_coupled_substrate,13003,276,206,1.3398058252427185,114
14,C4_q_coupled_multiprime,13003,276,206,1.3398058252427185,114
14,C5_q_coupled_bilinear,13003,276,206,1.3398058252427185,114
14,C6_winding_resonance,13003,276,206,1.3398058252427185,114
14,A1_bpr_substrate,6353,0,527,0.0,79
14,A2_bpr_winding_comb,6353,0,527,0.0,79
14,B1_curve_xcoord,6353,254,527,0.4819734345351044,79
14,B2_curve_substrate,6353,254,527,0.4819734345351044,79
14,C1_q_coupled_diff,6353,254,527,0.4819734345351044,79
14,C2_q_coupled_sum,6353,509,527,0.9658444022770398,79
14,C3_q_coupled_substrate,6353,254,527,0.4819734345351044,79
14,C4_q_coupled_multiprime,6353,254,527,0.4819734345351044,79
14,C5_q_coupled_bilinear,6353,254,527,0.4819734345351044,79
14,C6_winding_resonance,6353,254,527,0.4819734345351044,79
14,A1_bpr_substrate,5647,0,215,0.0,75
14,A2_bpr_winding_comb,5647,0,215,0.0,75
14,B1_curve_xcoord,5647,272,215,1.2651162790697674,75
14,B2_curve_substrate,5647,272,215,1.2651162790697674,75
14,C1_q_coupled_diff,5647,272,215,1.2651162790697674,75
14,C2_q_coupled_sum,5647,528,215,2.4558139534883723,75
14,C3_q_coupled_substrate,5647,272,215,1.2651162790697674,75
14,C4_q_coupled_multiprime,5647,272,215,1.2651162790697674,75
14,C5_q_coupled_bilinear,5647,272,215,1.2651162790697674,75
14,C6_winding_resonance,5647,272,215,1.2651162790697674,75
14,A1_bpr_substrate,5443,0,155,0.0,73
14,A2_bpr_winding_comb,5443,0,155,0.0,73
14,B1_curve_xcoord,5443,271,155,1.7483870967741935,73
14,B2_curve_substrate,5443,271,155,1.7483870967741935,73
14,C1_q_coupled_diff,5443,271,155,1.7483870967741935,73
14,C2_q_coupled_sum,5443,527,155,3.4,73
14,C3_q_coupled_substrate,5443,271,155,1.7483870967741935,73
14,C4_q_coupled_multiprime,5443,271,155,1.7483870967741935,73
14,C5_q_coupled_bilinear,5443,271,155,1.7483870967741935,73
14,C6_winding_resonance,5443,271,155,1.7483870967741935,73
14,A1_bpr_substrate,5297,0,819,0.0,72
14,A2_bpr_winding_comb,5297,0,819,0.0,72
14,B1_curve_xcoord,5297,273,819,0.3333333333333333,72
14,B2_curve_substrate,5297,273,819,0.3333333333333333,72
14,C1_q_coupled_diff,5297,273,819,0.3333333333333333,72
14,C2_q_coupled_sum,5297,529,819,0.645909645909646,72
14,C3_q_coupled_substrate,5297,273,819,0.3333333333333333,72
14,C4_q_coupled_multiprime,5297,273,819,0.3333333333333333,72
14,C5_q_coupled_bilinear,5297,273,819,0.3333333333333333,72
14,C6_winding_resonance,5297,273,819,0.3333333333333333,72
14,A1_bpr_substrate,9007,0,754,0.0,94
14,A2_bpr_winding_comb,9007,0,754,0.0,94
14,B1_curve_xcoord,9007,273,754,0.3620689655172414,94
14,B2_curve_substrate,9007,273,754,0.3620689655172414,94
14,C1_q_coupled_diff,9007,273,754,0.3620689655172414,94
14,C2_q_coupled_sum,9007,529,754,0.7015915119363395,94
14,C3_q_coupled_substrate,9007,273,754,0.3620689655172414,94
14,C4_q_coupled_multiprime,9007,273,754,0.3620689655172414,94
14,C5_q_coupled_bilinear,9007,273,754,0.3620689655172414,94
14,C6_winding_resonance,9007,273,754,0.3620689655172414,94
14,A1_bpr_substrate,11471,0,515,0.0,107
14,A2_bpr_winding_comb,11471,0,515,0.0,107
14,B1_curve_xcoord,11471,274,515,0.5320388349514563,107
14,B2_curve_substrate,11471,274,515,0.5320388349514563,107
14,C1_q_coupled_diff,11471,274,515,0.5320388349514563,107
14,C2_q_coupled_sum,11471,530,515,1.029126213592233,107
14,C3_q_coupled_substrate,11471,274,515,0.5320388349514563,107
14,C4_q_coupled_multiprime,11471,274,515,0.5320388349514563,107
14,C5_q_coupled_bilinear,11471,274,515,0.5320388349514563,107
14,C6_winding_resonance,11471,274,515,0.5320388349514563,107
14,A1_bpr_substrate,13121,0,1319,0.0,114
14,A2_bpr_winding_comb,13121,0,1319,0.0,114
14,B1_curve_xcoord,13121,272,1319,0.20621683093252463,114
14,B2_curve_substrate,13121,272,1319,0.20621683093252463,114
14,C1_q_coupled_diff,13121,272,1319,0.20621683093252463,114
14,C2_q_coupled_sum,13121,528,1319,0.400303260045489,114
14,C3_q_coupled_substrate,13121,272,1319,0.20621683093252463,114
14,C4_q_coupled_multiprime,13121,272,1319,0.20621683093252463,114
14,C5_q_coupled_bilinear,13121,272,1319,0.20621683093252463,114
14,C6_winding_resonance,13121,272,1319,0.20621683093252463,114
14,A1_bpr_substrate,15277,0,1039,0.0,123
14,A2_bpr_winding_comb,15277,0,1039,0.0,123
14,B1_curve_xcoord,15277,276,1039,0.26564003849855633,123
14,B2_curve_substrate,15277,276,1039,0.26564003849855633,123
14,C1_q_coupled_diff,15277,276,1039,0.26564003849855633,123
14,C2_q_coupled_sum,15277,532,1039,0.5120307988450433,123
14,C3_q_coupled_substrate,15277,276,1039,0.26564003849855633,123
14,C4_q_coupled_multiprime,15277,276,1039,0.26564003849855633,123
14,C5_q_coupled_bilinear,15277,276,1039,0.26564003849855633,123
14,C6_winding_resonance,15277,276,1039,0.26564003849855633,123
14,A1_bpr_substrate,5407,0,521,0.0,73
14,A2_bpr_winding_comb,5407,0,521,0.0,73
14,B1_curve_xcoord,5407,268,521,0.5143953934740882,73
14,B2_curve_substrate,5407,268,521,0.5143953934740882,73
14,C1_q_coupled_diff,5407,268,521,0.5143953934740882,73
14,C2_q_coupled_sum,5407,524,521,1.0057581573896353,73
14,C3_q_coupled_substrate,5407,268,521,0.5143953934740882,73
14,C4_q_coupled_multiprime,5407,268,521,0.5143953934740882,73
14,C5_q_coupled_bilinear,5407,268,521,0.5143953934740882,73
14,C6_winding_resonance,5407,268,521,0.5143953934740882,73
14,A1_bpr_substrate,4421,0,478,0.0,66
14,A2_bpr_winding_comb,4421,0,478,0.0,66
14,B1_curve_xcoord,4421,274,478,0.5732217573221757,66
14,B2_curve_substrate,4421,274,478,0.5732217573221757,66
14,C1_q_coupled_diff,4421,274,478,0.5732217573221757,66
14,C2_q_coupled_sum,4421,530,478,1.108786610878661,66
14,C3_q_coupled_substrate,4421,274,478,0.5732217573221757,66
14,C4_q_coupled_multiprime,4421,274,478,0.5732217573221757,66
14,C5_q_coupled_bilinear,4421,274,478,0.5732217573221757,66
14,C6_winding_resonance,4421,274,478,0.5732217573221757,66
14,A1_bpr_substrate,13267,0,1023,0.0,115
14,A2_bpr_winding_comb,13267,0,1023,0.0,115
14,B1_curve_xcoord,13267,272,1023,0.26588465298142716,115
14,B2_curve_substrate,13267,272,1023,0.26588465298142716,115
14,C1_q_coupled_diff,13267,272,1023,0.26588465298142716,115
14,C2_q_coupled_sum,13267,528,1023,0.5161290322580645,115
14,C3_q_coupled_substrate,13267,272,1023,0.26588465298142716,115
14,C4_q_coupled_multiprime,13267,272,1023,0.26588465298142716,115
14,C5_q_coupled_bilinear,13267,272,1023,0.26588465298142716,115
14,C6_winding_resonance,13267,272,1023,0.26588465298142716,115
14,A1_bpr_substrate,4951,0,987,0.0,70
14,A2_bpr_winding_comb,4951,0,987,0.0,70
14,B1_curve_xcoord,4951,276,987,0.2796352583586626,70
14,B2_curve_substrate,4951,276,987,0.2796352583586626,70
14,C1_q_coupled_diff,4951,276,987,0.2796352583586626,70
14,C2_q_coupled_sum,4951,532,987,0.5390070921985816,70
14,C3_q_coupled_substrate,4951,276,987,0.2796352583586626,70
14,C4_q_coupled_multiprime,4951,276,987,0.2796352583586626,70
14,C5_q_coupled_bilinear,4951,276,987,0.2796352583586626,70
14,C6_winding_resonance,4951,276,987,0.2796352583586626,70
14,A1_bpr_substrate,9973,0,441,0.0,99
14,A2_bpr_winding_comb,9973,0,441,0.0,99
14,B1_curve_xcoord,9973,268,441,0.6077097505668935,99
14,B2_curve_substrate,9973,268,441,0.6077097505668935,99
14,C1_q_coupled_diff,9973,268,441,0.6077097505668935,99
14,C2_q_coupled_sum,9973,524,441,1.1882086167800454,99
14,C3_q_coupled_substrate,9973,268,441,0.6077097505668935,99
14,C4_q_coupled_multiprime,9973,268,441,0.6077097505668935,99
14,C5_q_coupled_bilinear,9973,268,441,0.6077097505668935,99
14,C6_winding_resonance,9973,268,441,0.6077097505668935,99
14,A1_bpr_substrate,5167,0,752,0.0,71
14,A2_bpr_winding_comb,5167,0,752,0.0,71
14,B1_curve_xcoord,5167,275,752,0.36569148936170215,71
14,B2_curve_substrate,5167,275,752,0.36569148936170215,71
14,C1_q_coupled_diff,5167,275,752,0.36569148936170215,71
14,C2_q_coupled_sum,5167,531,752,0.7061170212765957,71
14,C3_q_coupled_substrate,5167,275,752,0.36569148936170215,71
14,C4_q_coupled_multiprime,5167,275,752,0.36569148936170215,71
14,C5_q_coupled_bilinear,5167,275,752,0.36569148936170215,71
14,C6_winding_resonance,5167,275,752,0.36569148936170215,71
14,A1_bpr_substrate,15581,0,806,0.0,124
14,A2_bpr_winding_comb,15581,0,806,0.0,124
14,B1_curve_xcoord,15581,275,806,0.3411910669975186,124
14,B2_curve_substrate,15581,275,806,0.3411910669975186,124
14,C1_q_coupled_diff,15581,275,806,0.3411910669975186,124
14,C2_q_coupled_sum,15581,531,806,0.6588089330024814,124
14,C3_q_coupled_substrate,15581,275,806,0.3411910669975186,124
14,C4_q_coupled_multiprime,15581,275,806,0.3411910669975186,124
14,C5_q_coupled_bilinear,15581,275,806,0.3411910669975186,124
14,C6_winding_resonance,15581,275,806,0.3411910669975186,124
14,A1_bpr_substrate,14683,0,627,0.0,121
14,A2_bpr_winding_comb,14683,0,627,0.0,121
14,B1_curve_xcoord,14683,274,627,0.4370015948963317,121
14,B2_curve_substrate,14683,274,627,0.4370015948963317,121
14,C1_q_coupled_diff,14683,274,627,0.4370015948963317,121
14,C2_q_coupled_sum,14683,530,627,0.8452950558213717,121
14,C3_q_coupled_substrate,14683,274,627,0.4370015948963317,121
14,C4_q_coupled_multiprime,14683,274,627,0.4370015948963317,121
14,C5_q_coupled_bilinear,14683,274,627,0.4370015948963317,121
14,C6_winding_resonance,14683,274,627,0.4370015948963317,121
14,A1_bpr_substrate,4241,0,488,0.0,65
14,A2_bpr_winding_comb,4241,0,488,0.0,65
14,B1_curve_xcoord,4241,271,488,0.555327868852459,65
14,B2_curve_substrate,4241,271,488,0.555327868852459,65
14,C1_q_coupled_diff,4241,271,488,0.555327868852459,65
14,C2_q_coupled_sum,4241,527,488,1.0799180327868851,65
14,C3_q_coupled_substrate,4241,271,488,0.555327868852459,65
14,C4_q_coupled_multiprime,4241,271,488,0.555327868852459,65
14,C5_q_coupled_bilinear,4241,271,488,0.555327868852459,65
14,C6_winding_resonance,4241,271,488,0.555327868852459,65
14,A1_bpr_substrate,5279,0,457,0.0,72
14,A2_bpr_winding_comb,5279,0,457,0.0,72
14,B1_curve_xcoord,5279,272,457,0.5951859956236324,72
14,B2_curve_substrate,5279,272,457,0.5951859956236324,72
14,C1_q_coupled_diff,5279,272,457,0.5951859956236324,72
14,C2_q_coupled_sum,5279,528,457,1.1553610503282277,72
14,C3_q_coupled_substrate,5279,272,457,0.5951859956236324,72
14,C4_q_coupled_multiprime,5279,272,457,0.5951859956236324,72
14,C5_q_coupled_bilinear,5279,272,457,0.5951859956236324,72
14,C6_winding_resonance,5279,272,457,0.5951859956236324,72
14,A1_bpr_substrate,11939,0,191,0.0,109
14,A2_bpr_winding_comb,11939,0,191,0.0,109
14,B1_curve_xcoord,11939,274,191,1.4345549738219896,109
14,B2_curve_substrate,11939,274,191,1.4345549738219896,109
14,C1_q_coupled_diff,11939,274,191,1.4345549738219896,109
14,C2_q_coupled_sum,11939,530,191,2.774869109947644,109
14,C3_q_coupled_substrate,11939,274,191,1.4345549738219896,109
14,C4_q_coupled_multiprime,11939,274,191,1.4345549738219896,109
14,C5_q_coupled_bilinear,11939,274,191,1.4345549738219896,109
14,C6_winding_resonance,11939,274,191,1.4345549738219896,109
14,A1_bpr_substrate,14107,0,378,0.0,118
14,A2_bpr_winding_comb,14107,0,378,0.0,118
14,B1_curve_xcoord,14107,278,378,0.7354497354497355,118
14,B2_curve_substrate,14107,278,378,0.7354497354497355,118
14,C1_q_coupled_diff,14107,278,378,0.7354497354497355,118
14,C2_q_coupled_sum,14107,534,378,1.4126984126984128,118
14,C3_q_coupled_substrate,14107,278,378,0.7354497354497355,118
14,C4_q_coupled_multiprime,14107,278,378,0.7354497354497355,118
14,C5_q_coupled_bilinear,14107,278,378,0.7354497354497355,118
14,C6_winding_resonance,14107,278,378,0.7354497354497355,118
14,A1_bpr_substrate,11369,0,494,0.0,106
14,A2_bpr_winding_comb,11369,0,494,0.0,106
14,B1_curve_xcoord,11369,272,494,0.5506072874493927,106
14,B2_curve_substrate,11369,272,494,0.5506072874493927,106
14,C1_q_coupled_diff,11369,272,494,0.5506072874493927,106
14,C2_q_coupled_sum,11369,528,494,1.0688259109311742,106
14,C3_q_coupled_substrate,11369,272,494,0.5506072874493927,106
14,C4_q_coupled_multiprime,11369,272,494,0.5506072874493927,106
14,C5_q_coupled_bilinear,11369,272,494,0.5506072874493927,106
14,C6_winding_resonance,11369,272,494,0.5506072874493927,106
14,A1_bpr_substrate,8039,0,633,0.0,89
14,A2_bpr_winding_comb,8039,0,633,0.0,89
14,B1_curve_xcoord,8039,270,633,0.4265402843601896,89
14,B2_curve_substrate,8039,270,633,0.4265402843601896,89
14,C1_q_coupled_diff,8039,270,633,0.4265402843601896,89
14,C2_q_coupled_sum,8039,526,633,0.8309636650868878,89
14,C3_q_coupled_substrate,8039,270,633,0.4265402843601896,89
14,C4_q_coupled_multiprime,8039,270,633,0.4265402843601896,89
14,C5_q_coupled_bilinear,8039,270,633,0.4265402843601896,89
14,C6_winding_resonance,8039,270,633,0.4265402843601896,89
14,A1_bpr_substrate,5051,0,366,0.0,71
14,A2_bpr_winding_comb,5051,0,366,0.0,71
14,B1_curve_xcoord,5051,268,366,0.73224043715847,71
14,B2_curve_substrate,5051,268,366,0.73224043715847,71
14,C1_q_coupled_diff,5051,268,366,0.73224043715847,71
14,C2_q_coupled_sum,5051,524,366,1.4316939890710383,71
14,C3_q_coupled_substrate,5051,268,366,0.73224043715847,71
14,C4_q_coupled_multiprime,5051,268,366,0.73224043715847,71
14,C5_q_coupled_bilinear,5051,268,366,0.73224043715847,71
14,C6_winding_resonance,5051,268,366,0.73224043715847,71
16,A1_bpr_substrate,25411,0,505,0.0,159
16,A2_bpr_winding_comb,25411,0,505,0.0,159
16,B1_curve_xcoord,25411,273,505,0.5405940594059406,159
16,B2_curve_substrate,25411,273,505,0.5405940594059406,159
16,C1_q_coupled_diff,25411,273,505,0.5405940594059406,159
16,C2_q_coupled_sum,25411,529,505,1.0475247524752476,159
16,C3_q_coupled_substrate,25411,273,505,0.5405940594059406,159
16,C4_q_coupled_multiprime,25411,273,505,0.5405940594059406,159
16,C5_q_coupled_bilinear,25411,273,505,0.5405940594059406,159
16,C6_winding_resonance,25411,273,505,0.5405940594059406,159
16,A1_bpr_substrate,49957,0,812,0.0,223
16,A2_bpr_winding_comb,49957,0,812,0.0,223
16,B1_curve_xcoord,49957,275,812,0.33866995073891626,223
16,B2_curve_substrate,49957,275,812,0.33866995073891626,223
16,C1_q_coupled_diff,49957,275,812,0.33866995073891626,223
16,C2_q_coupled_sum,49957,531,812,0.6539408866995073,223
16,C3_q_coupled_substrate,49957,275,812,0.33866995073891626,223
16,C4_q_coupled_multiprime,49957,275,812,0.33866995073891626,223
16,C5_q_coupled_bilinear,49957,275,812,0.33866995073891626,223
16,C6_winding_resonance,49957,275,812,0.33866995073891626,223
16,A1_bpr_substrate,16937,0,424,0.0,130
16,A2_bpr_winding_comb,16937,0,424,0.0,130
16,B1_curve_xcoord,16937,274,424,0.6462264150943396,130
16,B2_curve_substrate,16937,274,424,0.6462264150943396,130
16,C1_q_coupled_diff,16937,274,424,0.6462264150943396,130
16,C2_q_coupled_sum,16937,530,424,1.25,130
16,C3_q_coupled_substrate,16937,274,424,0.6462264150943396,130
16,C4_q_coupled_multiprime,16937,274,424,0.6462264150943396,130
16,C5_q_coupled_bilinear,16937,274,424,0.6462264150943396,130
16,C6_winding_resonance,16937,274,424,0.6462264150943396,130
16,A1_bpr_substrate,31847,0,948,0.0,178
16,A2_bpr_winding_comb,31847,0,948,0.0,178
16,B1_curve_xcoord,31847,277,948,0.2921940928270042,178
16,B2_curve_substrate,31847,277,948,0.2921940928270042,178
16,C1_q_coupled_diff,31847,277,948,0.2921940928270042,178
16,C2_q_coupled_sum,31847,533,948,0.5622362869198312,178
16,C3_q_coupled_substrate,31847,277,948,0.2921940928270042,178
16,C4_q_coupled_multiprime,31847,277,948,0.2921940928270042,178
16,C5_q_coupled_bilinear,31847,277,948,0.2921940928270042,178
16,C6_winding_resonance,31847,277,948,0.2921940928270042,178
16,A1_bpr_substrate,19843,0,1407,0.0,140
16,A2_bpr_winding_comb,19843,0,1407,0.0,140
16,B1_curve_xcoord,19843,275,1407,0.19545131485429992,140
16,B2_curve_substrate,19843,275,1407,0.19545131485429992,140
16,C1_q_coupled_diff,19843,275,1407,0.19545131485429992,140
16,C2_q_coupled_sum,19843,531,1407,0.3773987206823028,140
16,C3_q_coupled_substrate,19843,275,1407,0.19545131485429992,140
16,C4_q_coupled_multiprime,19843,275,1407,0.19545131485429992,140
16,C5_q_coupled_bilinear,19843,275,1407,0.19545131485429992,140
16,C6_winding_resonance,19843,275,1407,0.19545131485429992,140
16,A1_bpr_substrate,57173,0,729,0.0,239
16,A2_bpr_winding_comb,57173,0,729,0.0,239
16,B1_curve_xcoord,57173,278,729,0.3813443072702332,239
16,B2_curve_substrate,57173,278,729,0.3813443072702332,239
16,C1_q_coupled_diff,57173,278,729,0.3813443072702332,239
16,C2_q_coupled_sum,57173,534,729,0.7325102880658436,239
16,C3_q_coupled_substrate,57173,278,729,0.3813443072702332,239
16,C4_q_coupled_multiprime,57173,278,729,0.3813443072702332,239
16,C5_q_coupled_bilinear,57173,278,729,0.3813443072702332,239
16,C6_winding_resonance,57173,278,729,0.3813443072702332,239
16,A1_bpr_substrate,57791,0,1915,0.0,240
16,A2_bpr_winding_comb,57791,0,1915,0.0,240
16,B1_curve_xcoord,57791,276,1915,0.14412532637075717,240
16,B2_curve_substrate,57791,276,1915,0.14412532637075717,240
16,C1_q_coupled_diff,57791,276,1915,0.14412532637075717,240
16,C2_q_coupled_sum,57791,532,1915,0.27780678851174934,240
16,C3_q_coupled_substrate,57791,276,1915,0.14412532637075717,240
16,C4_q_coupled_multiprime,57791,276,1915,0.14412532637075717,240
16,C5_q_coupled_bilinear,57791,276,1915,0.14412532637075717,240
16,C6_winding_resonance,57791,276,1915,0.14412532637075717,240
16,A1_bpr_substrate,20341,0,1039,0.0,142
16,A2_bpr_winding_comb,20341,0,1039,0.0,142
16,B1_curve_xcoord,20341,273,1039,0.2627526467757459,142
16,B2_curve_substrate,20341,273,1039,0.2627526467757459,142
16,C1_q_coupled_diff,20341,273,1039,0.2627526467757459,142
16,C2_q_coupled_sum,20341,529,1039,0.5091434071222329,142
16,C3_q_coupled_substrate,20341,273,1039,0.2627526467757459,142
16,C4_q_coupled_multiprime,20341,273,1039,0.2627526467757459,142
16,C5_q_coupled_bilinear,20341,273,1039,0.2627526467757459,142
16,C6_winding_resonance,20341,273,1039,0.2627526467757459,142
16,A1_bpr_substrate,63103,0,1122,0.0,251
16,A2_bpr_winding_comb,63103,0,1122,0.0,251
16,B1_curve_xcoord,63103,280,1122,0.24955436720142601,251
16,B2_curve_substrate,63103,280,1122,0.24955436720142601,251
16,C1_q_coupled_diff,63103,280,1122,0.24955436720142601,251
16,C2_q_coupled_sum,63103,536,1122,0.47771836007130125,251
16,C3_q_coupled_substrate,63103,280,1122,0.24955436720142601,251
16,C4_q_coupled_multiprime,63103,280,1122,0.24955436720142601,251
16,C5_q_coupled_bilinear,63103,280,1122,0.24955436720142601,251
16,C6_winding_resonance,63103,280,1122,0.24955436720142601,251
16,A1_bpr_substrate,44111,0,1388,0.0,210
16,A2_bpr_winding_comb,44111,0,1388,0.0,210
16,B1_curve_xcoord,44111,274,1388,0.19740634005763688,210
16,B2_curve_substrate,44111,274,1388,0.19740634005763688,210
16,C1_q_coupled_diff,44111,274,1388,0.19740634005763688,210
16,C2_q_coupled_sum,44111,530,1388,0.3818443804034582,210
16,C3_q_coupled_substrate,44111,274,1388,0.19740634005763688,210
16,C4_q_coupled_multiprime,44111,274,1388,0.19740634005763688,210
16,C5_q_coupled_bilinear,44111,274,1388,0.19740634005763688,210
16,C6_winding_resonance,44111,274,1388,0.19740634005763688,210
16,A1_bpr_substrate,29867,0,375,0.0,172
16,A2_bpr_winding_comb,29867,0,375,0.0,172
16,B1_curve_xcoord,29867,275,375,0.7333333333333333,172
16,B2_curve_substrate,29867,275,375,0.7333333333333333,172
16,C1_q_coupled_diff,29867,275,375,0.7333333333333333,172
16,C2_q_coupled_sum,29867,531,375,1.416,172
16,C3_q_coupled_substrate,29867,275,375,0.7333333333333333,172
16,C4_q_coupled_multiprime,29867,275,375,0.7333333333333333,172
16,C5_q_coupled_bilinear,29867,275,375,0.7333333333333333,172
16,C6_winding_resonance,29867,275,375,0.7333333333333333,172
16,A1_bpr_substrate,21739,0,459,0.0,147
16,A2_bpr_winding_comb,21739,0,459,0.0,147
16,B1_curve_xcoord,21739,272,459,0.5925925925925926,147
16,B2_curve_substrate,21739,272,459,0.5925925925925926,147
16,C1_q_coupled_diff,21739,272,459,0.5925925925925926,147
16,C2_q_coupled_sum,21739,528,459,1.1503267973856208,147
16,C3_q_coupled_substrate,21739,272,459,0.5925925925925926,147
16,C4_q_coupled_multiprime,21739,272,459,0.5925925925925926,147
16,C5_q_coupled_bilinear,21739,272,459,0.5925925925925926,147
16,C6_winding_resonance,21739,272,459,0.5925925925925926,147
16,A1_bpr_substrate,41257,0,516,0.0,203
16,A2_bpr_winding_comb,41257,0,516,0.0,203
16,B1_curve_xcoord,41257,279,516,0.5406976744186046,203
16,B2_curve_substrate,41257,279,516,0.5406976744186046,203
16,C1_q_coupled_diff,41257,279,516,0.5406976744186046,203
16,C2_q_coupled_sum,41257,535,516,1.0368217054263567,203
16,C3_q_coupled_substrate,41257,279,516,0.5406976744186046,203
16,C4_q_coupled_multiprime,41257,279,516,0.5406976744186046,203
16,C5_q_coupled_bilinear,41257,279,516,0.5406976744186046,203
16,C6_winding_resonance,41257,279,516,0.5406976744186046,203
16,A1_bpr_substrate,53003,0,351,0.0,230
16,A2_bpr_winding_comb,53003,0,351,0.0,230
16,B1_curve_xcoord,53003,276,351,0.7863247863247863,230
16,B2_curve_substrate,53003,276,351,0.7863247863247863,230
16,C1_q_coupled_diff,53003,276,351,0.7863247863247863,230
16,C2_q_coupled_sum,53003,532,351,1.5156695156695157,230
16,C3_q_coupled_substrate,53003,276,351,0.7863247863247863,230
16,C4_q_coupled_multiprime,53003,276,351,0.7863247863247863,230
16,C5_q_coupled_bilinear,53003,276,351,0.7863247863247863,230
16,C6_winding_resonance,53003,276,351,0.7863247863247863,230
16,A1_bpr_substrate,19373,0,867,0.0,139
16,A2_bpr_winding_comb,19373,0,867,0.0,139
16,B1_curve_xcoord,19373,273,867,0.314878892733564,139
16,B2_curve_substrate,19373,273,867,0.314878892733564,139
16,C1_q_coupled_diff,19373,273,867,0.314878892733564,139
16,C2_q_coupled_sum,19373,529,867,0.6101499423298731,139
16,C3_q_coupled_substrate,19373,273,867,0.314878892733564,139
16,C4_q_coupled_multiprime,19373,273,867,0.314878892733564,139
16,C5_q_coupled_bilinear,19373,273,867,0.314878892733564,139
16,C6_winding_resonance,19373,273,867,0.314878892733564,139
16,A1_bpr_substrate,20521,0,1365,0.0,143
16,A2_bpr_winding_comb,20521,0,1365,0.0,143
16,B1_curve_xcoord,20521,275,1365,0.20146520146520147,143
16,B2_curve_substrate,20521,275,1365,0.20146520146520147,143
16,C1_q_coupled_diff,20521,275,1365,0.20146520146520147,143
16,C2_q_coupled_sum,20521,531,1365,0.389010989010989,143
16,C3_q_coupled_substrate,20521,275,1365,0.20146520146520147,143
16,C4_q_coupled_multiprime,20521,275,1365,0.20146520146520147,143
16,C5_q_coupled_bilinear,20521,275,1365,0.20146520146520147,143
16,C6_winding_resonance,20521,275,1365,0.20146520146520147,143
16,A1_bpr_substrate,31189,0,1594,0.0,176
16,A2_bpr_winding_comb,31189,0,1594,0.0,176
16,B1_curve_xcoord,31189,279,1594,0.17503136762860727,176
16,B2_curve_substrate,31189,279,1594,0.17503136762860727,176
16,C1_q_coupled_diff,31189,279,1594,0.17503136762860727,176
16,C2_q_coupled_sum,31189,535,1594,0.335633626097867,176
16,C3_q_coupled_substrate,31189,279,1594,0.17503136762860727,176
16,C4_q_coupled_multiprime,31189,279,1594,0.17503136762860727,176
16,C5_q_coupled_bilinear,31189,279,1594,0.17503136762860727,176
16,C6_winding_resonance,31189,279,1594,0.17503136762860727,176
16,A1_bpr_substrate,58417,0,2404,0.0,241
16,A2_bpr_winding_comb,58417,0,2404,0.0,241
16,B1_curve_xcoord,58417,277,2404,0.11522462562396006,241
16,B2_curve_substrate,58417,277,2404,0.11522462562396006,241
16,C1_q_coupled_diff,58417,277,2404,0.11522462562396006,241
16,C2_q_coupled_sum,58417,533,2404,0.22171381031613976,241
16,C3_q_coupled_substrate,58417,277,2404,0.11522462562396006,241
16,C4_q_coupled_multiprime,58417,277,2404,0.11522462562396006,241
16,C5_q_coupled_bilinear,58417,277,2404,0.11522462562396006,241
16,C6_winding_resonance,58417,277,2404,0.11522462562396006,241
16,A1_bpr_substrate,35543,0,1222,0.0,188
16,A2_bpr_winding_comb,35543,0,1222,0.0,188
16,B1_curve_xcoord,35543,277,1222,0.22667757774140754,188
16,B2_curve_substrate,35543,277,1222,0.22667757774140754,188
16,C1_q_coupled_diff,35543,277,1222,0.22667757774140754,188
16,C2_q_coupled_sum,35543,533,1222,0.43617021276595747,188
16,C3_q_coupled_substrate,35543,277,1222,0.22667757774140754,188
16,C4_q_coupled_multiprime,35543,277,1222,0.22667757774140754,188
16,C5_q_coupled_bilinear,35543,277,1222,0.22667757774140754,188
16,C6_winding_resonance,35543,277,1222,0.22667757774140754,188
16,A1_bpr_substrate,20749,0,923,0.0,144
16,A2_bpr_winding_comb,20749,0,923,0.0,144
16,B1_curve_xcoord,20749,273,923,0.29577464788732394,144
16,B2_curve_substrate,20749,273,923,0.29577464788732394,144
16,C1_q_coupled_diff,20749,273,923,0.29577464788732394,144
16,C2_q_coupled_sum,20749,529,923,0.5731310942578548,144
16,C3_q_coupled_substrate,20749,273,923,0.29577464788732394,144
16,C4_q_coupled_multiprime,20749,273,923,0.29577464788732394,144
16,C5_q_coupled_bilinear,20749,273,923,0.29577464788732394,144
16,C6_winding_resonance,20749,273,923,0.29577464788732394,144
16,A1_bpr_substrate,30071,0,1314,0.0,173
16,A2_bpr_winding_comb,30071,0,1314,0.0,173
16,B1_curve_xcoord,30071,273,1314,0.20776255707762556,173
16,B2_curve_substrate,30071,273,1314,0.20776255707762556,173
16,C1_q_coupled_diff,30071,273,1314,0.20776255707762556,173
16,C2_q_coupled_sum,30071,529,1314,0.4025875190258752,173
16,C3_q_coupled_substrate,30071,273,1314,0.20776255707762556,173
16,C4_q_coupled_multiprime,30071,273,1314,0.20776255707762556,173
16,C5_q_coupled_bilinear,30071,273,1314,0.20776255707762556,173
16,C6_winding_resonance,30071,273,1314,0.20776255707762556,173
16,A1_bpr_substrate,30011,0,1486,0.0,173
16,A2_bpr_winding_comb,30011,0,1486,0.0,173
16,B1_curve_xcoord,30011,276,1486,0.1857335127860027,173
16,B2_curve_substrate,30011,276,1486,0.1857335127860027,173
16,C1_q_coupled_diff,30011,276,1486,0.1857335127860027,173
16,C2_q_coupled_sum,30011,532,1486,0.35800807537012114,173
16,C3_q_coupled_substrate,30011,276,1486,0.1857335127860027,173
16,C4_q_coupled_multiprime,30011,276,1486,0.1857335127860027,173
16,C5_q_coupled_bilinear,30011,276,1486,0.1857335127860027,173
16,C6_winding_resonance,30011,276,1486,0.1857335127860027,173
16,A1_bpr_substrate,51413,0,1895,0.0,226
16,A2_bpr_winding_comb,51413,0,1895,0.0,226
16,B1_curve_xcoord,51413,271,1895,0.14300791556728232,226
16,B2_curve_substrate,51413,271,1895,0.14300791556728232,226
16,C1_q_coupled_diff,51413,271,1895,0.14300791556728232,226
16,C2_q_coupled_sum,51413,527,1895,0.27810026385224274,226
16,C3_q_coupled_substrate,51413,271,1895,0.14300791556728232,226
16,C4_q_coupled_multiprime,51413,271,1895,0.14300791556728232,226
16,C5_q_coupled_bilinear,51413,271,1895,0.14300791556728232,226
16,C6_winding_resonance,51413,271,1895,0.14300791556728232,226
16,A1_bpr_substrate,25763,0,489,0.0,160
16,A2_bpr_winding_comb,25763,0,489,0.0,160
16,B1_curve_xcoord,25763,278,489,0.5685071574642127,160
16,B2_curve_substrate,25763,278,489,0.5685071574642127,160
16,C1_q_coupled_diff,25763,278,489,0.5685071574642127,160
16,C2_q_coupled_sum,25763,534,489,1.0920245398773005,160
16,C3_q_coupled_substrate,25763,278,489,0.5685071574642127,160
16,C4_q_coupled_multiprime,25763,278,489,0.5685071574642127,160
16,C5_q_coupled_bilinear,25763,278,489,0.5685071574642127,160
16,C6_winding_resonance,25763,278,489,0.5685071574642127,160
16,A1_bpr_substrate,32647,0,1632,0.0,180
16,A2_bpr_winding_comb,32647,0,1632,0.0,180
16,B1_curve_xcoord,32647,274,1632,0.16789215686274508,180
16,B2_curve_substrate,32647,274,1632,0.16789215686274508,180
16,C1_q_coupled_diff,32647,274,1632,0.16789215686274508,180
16,C2_q_coupled_sum,32647,530,1632,0.3247549019607843,180
16,C3_q_coupled_substrate,32647,274,1632,0.16789215686274508,180
16,C4_q_coupled_multiprime,32647,274,1632,0.16789215686274508,180
16,C5_q_coupled_bilinear,32647,274,1632,0.16789215686274508,180
16,C6_winding_resonance,32647,274,1632,0.16789215686274508,180
16,A1_bpr_substrate,17467,0,739,0.0,132
16,A2_bpr_winding_comb,17467,0,739,0.0,132
16,B1_curve_xcoord,17467,271,739,0.36671177266576455,132
16,B2_curve_substrate,17467,271,739,0.36671177266576455,132
16,C1_q_coupled_diff,17467,271,739,0.36671177266576455,132
16,C2_q_coupled_sum,17467,527,739,0.713125845737483,132
16,C3_q_coupled_substrate,17467,271,739,0.36671177266576455,132
16,C4_q_coupled_multiprime,17467,271,739,0.36671177266576455,132
16,C5_q_coupled_bilinear,17467,271,739,0.36671177266576455,132
16,C6_winding_resonance,17467,271,739,0.36671177266576455,132
16,A1_bpr_substrate,24733,0,566,0.0,157
16,A2_bpr_winding_comb,24733,0,566,0.0,157
16,B1_curve_xcoord,24733,270,566,0.47703180212014135,157
16,B2_curve_substrate,24733,270,566,0.47703180212014135,157
16,C1_q_coupled_diff,24733,270,566,0.47703180212014135,157
16,C2_q_coupled_sum,24733,526,566,0.9293286219081273,157
16,C3_q_coupled_substrate,24733,270,566,0.47703180212014135,157
16,C4_q_coupled_multiprime,24733,270,566,0.47703180212014135,157
16,C5_q_coupled_bilinear,24733,270,566,0.47703180212014135,157
16,C6_winding_resonance,24733,270,566,0.47703180212014135,157
16,A1_bpr_substrate,21187,0,1344,0.0,145
16,A2_bpr_winding_comb,21187,0,1344,0.0,145
16,B1_curve_xcoord,21187,275,1344,0.20461309523809523,145
16,B2_curve_substrate,21187,275,1344,0.20461309523809523,145
16,C1_q_coupled_diff,21187,275,1344,0.20461309523809523,145
16,C2_q_coupled_sum,21187,531,1344,0.3950892857142857,145
16,C3_q_coupled_substrate,21187,275,1344,0.20461309523809523,145
16,C4_q_coupled_multiprime,21187,275,1344,0.20461309523809523,145
16,C5_q_coupled_bilinear,21187,275,1344,0.20461309523809523,145
16,C6_winding_resonance,21187,275,1344,0.20461309523809523,145
16,A1_bpr_substrate,56003,0,1590,0.0,236
16,A2_bpr_winding_comb,56003,0,1590,0.0,236
16,B1_curve_xcoord,56003,282,1590,0.17735849056603772,236
16,B2_curve_substrate,56003,282,1590,0.17735849056603772,236
16,C1_q_coupled_diff,56003,282,1590,0.17735849056603772,236
16,C2_q_coupled_sum,56003,538,1590,0.3383647798742138,236
16,C3_q_coupled_substrate,56003,282,1590,0.17735849056603772,236
16,C4_q_coupled_multiprime,56003,282,1590,0.17735849056603772,236
16,C5_q_coupled_bilinear,56003,282,1590,0.17735849056603772,236
16,C6_winding_resonance,56003,282,1590,0.17735849056603772,236
16,A1_bpr_substrate,55819,0,885,0.0,236
16,A2_bpr_winding_comb,55819,0,885,0.0,236
16,B1_curve_xcoord,55819,276,885,0.31186440677966104,236
16,B2_curve_substrate,55819,276,885,0.31186440677966104,236
16,C1_q_coupled_diff,55819,276,885,0.31186440677966104,236
16,C2_q_coupled_sum,55819,532,885,0.6011299435028249,236
16,C3_q_coupled_substrate,55819,276,885,0.31186440677966104,236
16,C4_q_coupled_multiprime,55819,276,885,0.31186440677966104,236
16,C5_q_coupled_bilinear,55819,276,885,0.31186440677966104,236
16,C6_winding_resonance,55819,276,885,0.31186440677966104,236
18,A1_bpr_substrate,96737,0,3271,0.0,311
18,A2_bpr_winding_comb,96737,0,3271,0.0,311
18,B1_curve_xcoord,96737,277,3271,0.08468358300214002,311
18,B2_curve_substrate,96737,277,3271,0.08468358300214002,311
18,C1_q_coupled_diff,96737,277,3271,0.08468358300214002,311
18,C2_q_coupled_sum,96737,533,3271,0.16294711097523693,311
18,C3_q_coupled_substrate,96737,277,3271,0.08468358300214002,311
18,C4_q_coupled_multiprime,96737,277,3271,0.08468358300214002,311
18,C5_q_coupled_bilinear,96737,277,3271,0.08468358300214002,311
18,C6_winding_resonance,96737,277,3271,0.08468358300214002,311
18,A1_bpr_substrate,71867,0,930,0.0,268
18,A2_bpr_winding_comb,71867,0,930,0.0,268
18,B1_curve_xcoord,71867,280,930,0.3010752688172043,268
18,B2_curve_substrate,71867,280,930,0.3010752688172043,268
18,C1_q_coupled_diff,71867,280,930,0.3010752688172043,268
18,C2_q_coupled_sum,71867,536,930,0.5763440860215053,268
18,C3_q_coupled_substrate,71867,280,930,0.3010752688172043,268
18,C4_q_coupled_multiprime,71867,280,930,0.3010752688172043,268
18,C5_q_coupled_bilinear,71867,280,930,0.3010752688172043,268
18,C6_winding_resonance,71867,280,930,0.3010752688172043,268
18,A1_bpr_substrate,106753,0,4382,0.0,326
18,A2_bpr_winding_comb,106753,0,4382,0.0,326
18,B1_curve_xcoord,106753,274,4382,0.06252852578731173,326
18,B2_curve_substrate,106753,274,4382,0.06252852578731173,326
18,C1_q_coupled_diff,106753,274,4382,0.06252852578731173,326
18,C2_q_coupled_sum,106753,530,4382,0.12094933820173437,326
18,C3_q_coupled_substrate,106753,274,4382,0.06252852578731173,326
18,C4_q_coupled_multiprime,106753,274,4382,0.06252852578731173,326
18,C5_q_coupled_bilinear,106753,274,4382,0.06252852578731173,326
18,C6_winding_resonance,106753,274,4382,0.06252852578731173,326
18,A1_bpr_substrate,217823,0,3550,0.0,466
18,A2_bpr_winding_comb,217823,0,3550,0.0,466
18,B1_curve_xcoord,217823,282,3550,0.07943661971830986,466
18,B2_curve_substrate,217823,282,3550,0.07943661971830986,466
18,C1_q_coupled_diff,217823,282,3550,0.07943661971830986,466
18,C2_q_coupled_sum,217823,538,3550,0.15154929577464787,466
18,C3_q_coupled_substrate,217823,282,3550,0.07943661971830986,466
18,C4_q_coupled_multiprime,217823,282,3550,0.07943661971830986,466
18,C5_q_coupled_bilinear,217823,282,3550,0.07943661971830986,466
18,C6_winding_resonance,217823,282,3550,0.07943661971830986,466
18,A1_bpr_substrate,66169,0,566,0.0,257
18,A2_bpr_winding_comb,66169,0,566,0.0,257
18,B1_curve_xcoord,66169,278,566,0.4911660777385159,257
18,B2_curve_substrate,66169,278,566,0.4911660777385159,257
18,C1_q_coupled_diff,66169,278,566,0.4911660777385159,257
18,C2_q_coupled_sum,66169,534,566,0.9434628975265018,257
18,C3_q_coupled_substrate,66169,278,566,0.4911660777385159,257
18,C4_q_coupled_multiprime,66169,278,566,0.4911660777385159,257
18,C5_q_coupled_bilinear,66169,278,566,0.4911660777385159,257
18,C6_winding_resonance,66169,278,566,0.4911660777385159,257
18,A1_bpr_substrate,85009,0,1345,0.0,291
18,A2_bpr_winding_comb,85009,0,1345,0.0,291
18,B1_curve_xcoord,85009,277,1345,0.20594795539033459,291
18,B2_curve_substrate,85009,277,1345,0.20594795539033459,291
18,C1_q_coupled_diff,85009,277,1345,0.20594795539033459,291
18,C2_q_coupled_sum,85009,533,1345,0.3962825278810409,291
18,C3_q_coupled_substrate,85009,277,1345,0.20594795539033459,291
18,C4_q_coupled_multiprime,85009,277,1345,0.20594795539033459,291
18,C5_q_coupled_bilinear,85009,277,1345,0.20594795539033459,291
18,C6_winding_resonance,85009,277,1345,0.20594795539033459,291
18,A1_bpr_substrate,97511,0,1924,0.0,312
18,A2_bpr_winding_comb,97511,0,1924,0.0,312
18,B1_curve_xcoord,97511,277,1924,0.14397089397089397,312
18,B2_curve_substrate,97511,277,1924,0.14397089397089397,312
18,C1_q_coupled_diff,97511,277,1924,0.14397089397089397,312
18,C2_q_coupled_sum,97511,533,1924,0.27702702702702703,312
18,C3_q_coupled_substrate,97511,277,1924,0.14397089397089397,312
18,C4_q_coupled_multiprime,97511,277,1924,0.14397089397089397,312
18,C5_q_coupled_bilinear,97511,277,1924,0.14397089397089397,312
18,C6_winding_resonance,97511,277,1924,0.14397089397089397,312
18,A1_bpr_substrate,245339,0,4949,0.0,495
18,A2_bpr_winding_comb,245339,0,4949,0.0,495
18,B1_curve_xcoord,245339,275,4949,0.05556678116791271,495
18,B2_curve_substrate,245339,275,4949,0.05556678116791271,495
18,C1_q_coupled_diff,245339,275,4949,0.05556678116791271,495
18,C2_q_coupled_sum,245339,531,4949,0.10729440290967872,495
18,C3_q_coupled_substrate,245339,275,4949,0.05556678116791271,495
18,C4_q_coupled_multiprime,245339,275,4949,0.05556678116791271,495
18,C5_q_coupled_bilinear,245339,275,4949,0.05556678116791271,495
18,C6_winding_resonance,245339,275,4949,0.05556678116791271,495
18,A1_bpr_substrate,166669,0,2316,0.0,408
18,A2_bpr_winding_comb,166669,0,2316,0.0,408
18,B1_curve_xcoord,166669,284,2316,0.1226252158894646,408
18,B2_curve_substrate,166669,284,2316,0.1226252158894646,408
18,C1_q_coupled_diff,166669,284,2316,0.1226252158894646,408
18,C2_q_coupled_sum,166669,540,2316,0.23316062176165803,408
18,C3_q_coupled_substrate,166669,284,2316,0.1226252158894646,408
18,C4_q_coupled_multiprime,166669,284,2316,0.1226252158894646,408
18,C5_q_coupled_bilinear,166669,284,2316,0.1226252158894646,408
18,C6_winding_resonance,166669,284,2316,0.1226252158894646,408
18,A1_bpr_substrate,147487,0,2292,0.0,384
18,A2_bpr_winding_comb,147487,0,2292,0.0,384
18,B1_curve_xcoord,147487,281,2292,0.12260034904013961,384
18,B2_curve_substrate,147487,281,2292,0.12260034904013961,384
18,C1_q_coupled_diff,147487,281,2292,0.12260034904013961,384
18,C2_q_coupled_sum,147487,537,2292,0.2342931937172775,384
18,C3_q_coupled_substrate,147487,281,2292,0.12260034904013961,384
18,C4_q_coupled_multiprime,147487,281,2292,0.12260034904013961,384
18,C5_q_coupled_bilinear,147487,281,2292,0.12260034904013961,384
18,C6_winding_resonance,147487,281,2292,0.12260034904013961,384
18,A1_bpr_substrate,91459,0,3136,0.0,302
18,A2_bpr_winding_comb,91459,0,3136,0.0,302
18,B1_curve_xcoord,91459,274,3136,0.08737244897959184,302
18,B2_curve_substrate,91459,274,3136,0.08737244897959184,302
18,C1_q_coupled_diff,91459,274,3136,0.08737244897959184,302
18,C2_q_coupled_sum,91459,530,3136,0.1690051020408163,302
18,C3_q_coupled_substrate,91459,274,3136,0.08737244897959184,302
18,C4_q_coupled_multiprime,91459,274,3136,0.08737244897959184,302
18,C5_q_coupled_bilinear,91459,274,3136,0.08737244897959184,302
18,C6_winding_resonance,91459,274,3136,0.08737244897959184,302
18,A1_bpr_substrate,123289,0,3560,0.0,351
18,A2_bpr_winding_comb,123289,0,3560,0.0,351
18,B1_curve_xcoord,123289,282,3560,0.07921348314606741,351
18,B2_curve_substrate,123289,282,3560,0.07921348314606741,351
18,C1_q_coupled_diff,123289,282,3560,0.07921348314606741,351
18,C2_q_coupled_sum,123289,538,3560,0.151123595505618,351
18,C3_q_coupled_substrate,123289,282,3560,0.07921348314606741,351
18,C4_q_coupled_multiprime,123289,282,3560,0.07921348314606741,351
18,C5_q_coupled_bilinear,123289,282,3560,0.07921348314606741,351
18,C6_winding_resonance,123289,282,3560,0.07921348314606741,351
18,A1_bpr_substrate,154733,0,791,0.0,393
18,A2_bpr_winding_comb,154733,0,791,0.0,393
18,B1_curve_xcoord,154733,279,791,0.3527180783817952,393
18,B2_curve_substrate,154733,279,791,0.3527180783817952,393
18,C1_q_coupled_diff,154733,279,791,0.3527180783817952,393
18,C2_q_coupled_sum,154733,535,791,0.6763590391908976,393
18,C3_q_coupled_substrate,154733,279,791,0.3527180783817952,393
18,C4_q_coupled_multiprime,154733,279,791,0.3527180783817952,393
18,C5_q_coupled_bilinear,154733,279,791,0.3527180783817952,393
18,C6_winding_resonance,154733,279,791,0.3527180783817952,393
18,A1_bpr_substrate,235289,0,3388,0.0,485
18,A2_bpr_winding_comb,235289,0,3388,0.0,485
18,B1_curve_xcoord,235289,281,3388,0.08293978748524203,485
18,B2_curve_substrate,235289,281,3388,0.08293978748524203,485
18,C1_q_coupled_diff,235289,281,3388,0.08293978748524203,485
18,C2_q_coupled_sum,235289,537,3388,0.15850059031877214,485
18,C3_q_coupled_substrate,235289,281,3388,0.08293978748524203,485
18,C4_q_coupled_multiprime,235289,281,3388,0.08293978748524203,485
18,C5_q_coupled_bilinear,235289,281,3388,0.08293978748524203,485
18,C6_winding_resonance,235289,281,3388,0.08293978748524203,485
18,A1_bpr_substrate,168937,0,1301,0.0,411
18,A2_bpr_winding_comb,168937,0,1301,0.0,411
18,B1_curve_xcoord,168937,279,1301,0.21445042275172943,411
18,B2_curve_substrate,168937,279,1301,0.21445042275172943,411
18,C1_q_coupled_diff,168937,279,1301,0.21445042275172943,411
18,C2_q_coupled_sum,168937,535,1301,0.41122213681783243,411
18,C3_q_coupled_substrate,168937,279,1301,0.21445042275172943,411
18,C4_q_coupled_multiprime,168937,279,1301,0.21445042275172943,411
18,C5_q_coupled_bilinear,168937,279,1301,0.21445042275172943,411
18,C6_winding_resonance,168937,279,1301,0.21445042275172943,411
18,A1_bpr_substrate,139423,0,532,0.0,373
18,A2_bpr_winding_comb,139423,0,532,0.0,373
18,B1_curve_xcoord,139423,275,532,0.5169172932330827,373
18,B2_curve_substrate,139423,275,532,0.5169172932330827,373
18,C1_q_coupled_diff,139423,275,532,0.5169172932330827,373
18,C2_q_coupled_sum,139423,531,532,0.9981203007518797,373
18,C3_q_coupled_substrate,139423,275,532,0.5169172932330827,373
18,C4_q_coupled_multiprime,139423,275,532,0.5169172932330827,373
18,C5_q_coupled_bilinear,139423,275,532,0.5169172932330827,373
18,C6_winding_resonance,139423,275,532,0.5169172932330827,373
18,A1_bpr_substrate,72367,0,1612,0.0,269
18,A2_bpr_winding_comb,72367,0,1612,0.0,269
18,B1_curve_xcoord,72367,279,1612,0.17307692307692307,269
18,B2_curve_substrate,72367,279,1612,0.17307692307692307,269
18,C1_q_coupled_diff,72367,279,1612,0.17307692307692307,269
18,C2_q_coupled_sum,72367,535,1612,0.33188585607940446,269
18,C3_q_coupled_substrate,72367,279,1612,0.17307692307692307,269
18,C4_q_coupled_multiprime,72367,279,1612,0.17307692307692307,269
18,C5_q_coupled_bilinear,72367,279,1612,0.17307692307692307,269
18,C6_winding_resonance,72367,279,1612,0.17307692307692307,269
18,A1_bpr_substrate,71081,0,1868,0.0,266
18,A2_bpr_winding_comb,71081,0,1868,0.0,266
18,B1_curve_xcoord,71081,275,1868,0.14721627408993576,266
18,B2_curve_substrate,71081,275,1868,0.14721627408993576,266
18,C1_q_coupled_diff,71081,275,1868,0.14721627408993576,266
18,C2_q_coupled_sum,71081,531,1868,0.2842612419700214,266
18,C3_q_coupled_substrate,71081,275,1868,0.14721627408993576,266
18,C4_q_coupled_multiprime,71081,275,1868,0.14721627408993576,266
18,C5_q_coupled_bilinear,71081,275,1868,0.14721627408993576,266
18,C6_winding_resonance,71081,275,1868,0.14721627408993576,266
18,A1_bpr_substrate,251939,0,2860,0.0,501
18,A2_bpr_winding_comb,251939,0,2860,0.0,501
18,B1_curve_xcoord,251939,276,2860,0.0965034965034965,501
18,B2_curve_substrate,251939,276,2860,0.0965034965034965,501
18,C1_q_coupled_diff,251939,276,2860,0.0965034965034965,501
18,C2_q_coupled_sum,251939,532,2860,0.18601398601398603,501
18,C3_q_coupled_substrate,251939,276,2860,0.0965034965034965,501
18,C4_q_coupled_multiprime,251939,276,2860,0.0965034965034965,501
18,C5_q_coupled_bilinear,251939,276,2860,0.0965034965034965,501
18,C6_winding_resonance,251939,276,2860,0.0965034965034965,501
18,A1_bpr_substrate,244481,0,4564,0.0,494
18,A2_bpr_winding_comb,244481,0,4564,0.0,494
18,B1_curve_xcoord,244481,280,4564,0.06134969325153374,494
18,B2_curve_substrate,244481,280,4564,0.06134969325153374,494
18,C1_q_coupled_diff,244481,280,4564,0.06134969325153374,494
18,C2_q_coupled_sum,244481,536,4564,0.11744084136722173,494
18,C3_q_coupled_substrate,244481,280,4564,0.06134969325153374,494
18,C4_q_coupled_multiprime,244481,280,4564,0.06134969325153374,494
18,C5_q_coupled_bilinear,244481,280,4564,0.06134969325153374,494
18,C6_winding_resonance,244481,280,4564,0.06134969325153374,494
18,A1_bpr_substrate,170921,0,3137,0.0,413
18,A2_bpr_winding_comb,170921,0,3137,0.0,413
18,B1_curve_xcoord,170921,278,3137,0.08861970035065349,413
18,B2_curve_substrate,170921,278,3137,0.08861970035065349,413
18,C1_q_coupled_diff,170921,278,3137,0.08861970035065349,413
18,C2_q_coupled_sum,170921,534,3137,0.17022633088938477,413
18,C3_q_coupled_substrate,170921,278,3137,0.08861970035065349,413
18,C4_q_coupled_multiprime,170921,278,3137,0.08861970035065349,413
18,C5_q_coupled_bilinear,170921,278,3137,0.08861970035065349,413
18,C6_winding_resonance,170921,278,3137,0.08861970035065349,413
18,A1_bpr_substrate,207341,0,2371,0.0,455
18,A2_bpr_winding_comb,207341,0,2371,0.0,455
18,B1_curve_xcoord,207341,279,2371,0.11767186840995361,455
18,B2_curve_substrate,207341,279,2371,0.11767186840995361,455
18,C1_q_coupled_diff,207341,279,2371,0.11767186840995361,455
18,C2_q_coupled_sum,207341,535,2371,0.22564318852804724,455
18,C3_q_coupled_substrate,207341,279,2371,0.11767186840995361,455
18,C4_q_coupled_multiprime,207341,279,2371,0.11767186840995361,455
18,C5_q_coupled_bilinear,207341,279,2371,0.11767186840995361,455
18,C6_winding_resonance,207341,279,2371,0.11767186840995361,455
18,A1_bpr_substrate,66067,0,1006,0.0,257
18,A2_bpr_winding_comb,66067,0,1006,0.0,257
18,B1_curve_xcoord,66067,276,1006,0.27435387673956263,257
18,B2_curve_substrate,66067,276,1006,0.27435387673956263,257
18,C1_q_coupled_diff,66067,276,1006,0.27435387673956263,257
18,C2_q_coupled_sum,66067,532,1006,0.5288270377733598,257
18,C3_q_coupled_substrate,66067,276,1006,0.27435387673956263,257
18,C4_q_coupled_multiprime,66067,276,1006,0.27435387673956263,257
18,C5_q_coupled_bilinear,66067,276,1006,0.27435387673956263,257
18,C6_winding_resonance,66067,276,1006,0.27435387673956263,257
18,A1_bpr_substrate,86017,0,2088,0.0,293
18,A2_bpr_winding_comb,86017,0,2088,0.0,293
18,B1_curve_xcoord,86017,278,2088,0.1331417624521073,293
18,B2_curve_substrate,86017,278,2088,0.1331417624521073,293
18,C1_q_coupled_diff,86017,278,2088,0.1331417624521073,293
18,C2_q_coupled_sum,86017,534,2088,0.2557471264367816,293
18,C3_q_coupled_substrate,86017,278,2088,0.1331417624521073,293
18,C4_q_coupled_multiprime,86017,278,2088,0.1331417624521073,293
18,C5_q_coupled_bilinear,86017,278,2088,0.1331417624521073,293
18,C6_winding_resonance,86017,278,2088,0.1331417624521073,293
18,A1_bpr_substrate,259379,0,3204,0.0,509
18,A2_bpr_winding_comb,259379,0,3204,0.0,509
18,B1_curve_xcoord,259379,278,3204,0.0867665418227216,509
18,B2_curve_substrate,259379,278,3204,0.0867665418227216,509
18,C1_q_coupled_diff,259379,278,3204,0.0867665418227216,509
18,C2_q_coupled_sum,259379,534,3204,0.16666666666666666,509
18,C3_q_coupled_substrate,259379,278,3204,0.0867665418227216,509
18,C4_q_coupled_multiprime,259379,278,3204,0.0867665418227216,509
18,C5_q_coupled_bilinear,259379,278,3204,0.0867665418227216,509
18,C6_winding_resonance,259379,278,3204,0.0867665418227216,509
18,A1_bpr_substrate,209353,0,3486,0.0,457
18,A2_bpr_winding_comb,209353,0,3486,0.0,457
18,B1_curve_xcoord,209353,280,3486,0.08032128514056225,457
18,B2_curve_substrate,209353,280,3486,0.08032128514056225,457
18,C1_q_coupled_diff,209353,280,3486,0.08032128514056225,457
18,C2_q_coupled_sum,209353,536,3486,0.15375788869764773,457
18,C3_q_coupled_substrate,209353,280,3486,0.08032128514056225,457
18,C4_q_coupled_multiprime,209353,280,3486,0.08032128514056225,457
18,C5_q_coupled_bilinear,209353,280,3486,0.08032128514056225,457
18,C6_winding_resonance,209353,280,3486,0.08032128514056225,457
18,A1_bpr_substrate,66103,0,1479,0.0,257
18,A2_bpr_winding_comb,66103,0,1479,0.0,257
18,B1_curve_xcoord,66103,282,1479,0.19066937119675456,257
18,B2_curve_substrate,66103,282,1479,0.19066937119675456,257
18,C1_q_coupled_diff,66103,282,1479,0.19066937119675456,257
18,C2_q_coupled_sum,66103,538,1479,0.36375929682217717,257
18,C3_q_coupled_substrate,66103,282,1479,0.19066937119675456,257
18,C4_q_coupled_multiprime,66103,282,1479,0.19066937119675456,257
18,C5_q_coupled_bilinear,66103,282,1479,0.19066937119675456,257
18,C6_winding_resonance,66103,282,1479,0.19066937119675456,257
18,A1_bpr_substrate,98543,0,492,0.0,313
18,A2_bpr_winding_comb,98543,0,492,0.0,313
18,B1_curve_xcoord,98543,279,492,0.5670731707317073,313
18,B2_curve_substrate,98543,279,492,0.5670731707317073,313
18,C1_q_coupled_diff,98543,279,492,0.5670731707317073,313
18,C2_q_coupled_sum,98543,535,492,1.0873983739837398,313
18,C3_q_coupled_substrate,98543,279,492,0.5670731707317073,313
18,C4_q_coupled_multiprime,98543,279,492,0.5670731707317073,313
18,C5_q_coupled_bilinear,98543,279,492,0.5670731707317073,313
18,C6_winding_resonance,98543,279,492,0.5670731707317073,313
18,A1_bpr_substrate,110771,0,3014,0.0,332
18,A2_bpr_winding_comb,110771,0,3014,0.0,332
18,B1_curve_xcoord,110771,274,3014,0.09090909090909091,332
18,B2_curve_substrate,110771,274,3014,0.09090909090909091,332
18,C1_q_coupled_diff,110771,274,3014,0.09090909090909091,332
18,C2_q_coupled_sum,110771,530,3014,0.17584605175846052,332
18,C3_q_coupled_substrate,110771,274,3014,0.09090909090909091,332
18,C4_q_coupled_multiprime,110771,274,3014,0.09090909090909091,332
18,C5_q_coupled_bilinear,110771,274,3014,0.09090909090909091,332
18,C6_winding_resonance,110771,274,3014,0.09090909090909091,332
18,A1_bpr_substrate,142657,0,1788,0.0,377
18,A2_bpr_winding_comb,142657,0,1788,0.0,377
18,B1_curve_xcoord,142657,275,1788,0.15380313199105144,377
18,B2_curve_substrate,142657,275,1788,0.15380313199105144,377
18,C1_q_coupled_diff,142657,275,1788,0.15380313199105144,377
18,C2_q_coupled_sum,142657,531,1788,0.29697986577181207,377
18,C3_q_coupled_substrate,142657,275,1788,0.15380313199105144,377
18,C4_q_coupled_multiprime,142657,275,1788,0.15380313199105144,377
18,C5_q_coupled_bilinear,142657,275,1788,0.15380313199105144,377
18,C6_winding_resonance,142657,275,1788,0.15380313199105144,377
