p,inv_alpha_pred,inv_alpha_err_ppm,v_EW_pred,v_EW_err_pct,core_score_pct,n_s_pred,n_s_sigma,dist_from_lo,dist_from_hi,is_baseline,curvature,robustness,classification
107251,137.58226233,3986.276,245.803224,0.16927,0.306232,0.96842882,0.8402,0.495,0.505,0,2.638e-09,0.00308125,RMS-optimal|robust-interior|robust
107243,137.5805343,3973.665,245.795935,0.17223,0.306238,0.96842804,0.84,0.49381,0.50619,0,2.638e-09,0.00308015,RMS-optimal|robust-interior|robust
107269,137.58614997,4014.645,245.819621,0.16261,0.306281,0.96843059,0.8406,0.49769,0.50231,0,2.637e-09,0.00308177,RMS-optimal|robust-interior|robust
107227,137.57707788,3948.443,245.781358,0.178151,0.3063,0.96842647,0.8396,0.49142,0.50858,0,2.637e-09,0.0030806,RMS-optimal|robust-interior|robust
107273,137.58701381,4020.949,245.823265,0.16113,0.306303,0.96843098,0.8407,0.49828,0.50172,0,2.635e-09,0.00308176,RMS-optimal|robust-interior|robust
107279,137.58830952,4030.404,245.82873,0.158911,0.306345,0.96843157,0.8408,0.49918,0.50082,0,2.631e-09,0.00308108,RMS-optimal|robust-interior|robust
107209,137.57318885,3920.063,245.764956,0.184812,0.306451,0.9684247,0.8392,0.48873,0.51127,0,2.635e-09,0.00308222,RMS-optimal|robust-interior|robust
107201,137.5714602,3907.449,245.757666,0.187773,0.306545,0.96842391,0.839,0.48754,0.51246,0,2.633e-09,0.00308222,RMS-optimal|robust-interior|robust
107197,137.57059583,3901.141,245.754021,0.189253,0.306599,0.96842352,0.8389,0.48694,0.51306,0,2.63e-09,0.00308222,RMS-optimal|robust-interior|robust
107309,137.59478704,4077.673,245.856054,0.147813,0.306694,0.96843451,0.8415,0.50366,0.49634,0,2.625e-09,0.00308462,RMS-optimal|robust-interior|robust
107183,137.56757031,3879.063,245.741262,0.194435,0.306819,0.96842215,0.8386,0.48485,0.51515,0,2.626e-09,0.00308428,RMS-optimal|robust-interior|robust
107323,137.59780932,4099.727,245.868804,0.142635,0.306938,0.96843588,0.8419,0.50575,0.49425,0,2.616e-09,0.00308461,RMS-optimal|robust-interior|robust
107171,137.56497671,3860.136,245.730325,0.198877,0.307049,0.96842097,0.8383,0.48306,0.51694,0,2.617e-09,0.0030866,RMS-optimal|robust-interior|robust
107339,137.60126292,4124.929,245.883374,0.136718,0.30728,0.96843745,0.8423,0.50814,0.49186,0,2.609e-09,0.00308488,RMS-optimal|robust-interior|robust
107347,137.60298954,4137.529,245.890658,0.133759,0.307476,0.96843823,0.8424,0.50933,0.49067,0,2.602e-09,0.00308488,RMS-optimal|robust-interior|robust
107351,137.6038528,4143.829,245.8943,0.13228,0.30758,0.96843863,0.8425,0.50993,0.49007,0,2.598e-09,0.00308488,RMS-optimal|robust-interior|robust
107357,137.60514764,4153.278,245.899763,0.130061,0.307744,0.96843921,0.8427,0.51082,0.48918,0,2.591e-09,0.00308488,RMS-optimal|robust-interior|robust
107137,137.55762675,3806.501,245.699333,0.211464,0.307905,0.96841763,0.8375,0.47798,0.52202,0,2.605e-09,0.00310158,RMS-optimal|robust-interior|robust
107123,137.55459968,3784.411,245.68657,0.216648,0.308346,0.96841625,0.8372,0.47589,0.52411,0,2.593e-09,0.00310158,RMS-optimal|robust-interior|robust
107377,137.60946331,4184.771,245.917972,0.122666,0.308359,0.96844117,0.8431,0.51381,0.48619,0,2.563e-09,0.00308961,RMS-optimal|robust-interior|robust
107119,137.55373474,3778.1,245.682923,0.218129,0.308481,0.96841586,0.8371,0.47529,0.52471,0,2.583e-09,0.0031056,RMS-optimal|robust-interior|robust
107101,137.54984212,3749.694,245.666511,0.224794,0.30914,0.96841409,0.8367,0.47261,0.52739,0,2.576e-09,0.00311321,RMS-optimal|robust-interior|robust
107099,137.54940957,3746.537,245.664688,0.225535,0.309218,0.96841389,0.8366,0.47231,0.52769,0,2.567e-09,0.00311321,RMS-optimal|robust-interior|robust
107089,137.54724671,3730.754,245.655569,0.229238,0.309625,0.96841291,0.8364,0.47082,0.52918,0,2.559e-09,0.00311321,RMS-optimal|robust-interior|robust
107077,137.54465104,3711.813,245.644627,0.233683,0.310148,0.96841173,0.8361,0.46903,0.53097,0,2.55e-09,0.00311842,RMS-optimal|robust-interior|robust
107071,137.5433531,3702.341,245.639155,0.235905,0.310423,0.96841114,0.836,0.46813,0.53187,0,2.543e-09,0.00312382,RMS-optimal|robust-interior|robust
107069,137.54292044,3699.184,245.637331,0.236646,0.310516,0.96841094,0.8359,0.46783,0.53217,0,2.535e-09,0.00312382,RMS-optimal|robust-interior|robust
107441,137.62326852,4285.512,245.976225,0.099007,0.311013,0.96844744,0.8446,0.52336,0.47664,0,2.531e-09,0.00312622,RMS-optimal|robust-interior|robust
107057,137.54032432,3680.239,245.626387,0.241091,0.3111,0.96840976,0.8357,0.46604,0.53396,0,2.528e-09,0.00313642,RMS-optimal|robust-interior|robust
107053,137.53945889,3673.924,245.622739,0.242572,0.311302,0.96840937,0.8356,0.46544,0.53456,0,2.514e-09,0.00313987,RMS-optimal|robust-interior|robust
107449,137.62499364,4298.101,245.983505,0.09605,0.311418,0.96844822,0.8448,0.52456,0.47544,0,2.501e-09,0.00313395,RMS-optimal|robust-interior|robust
107453,137.62585616,4304.395,245.987145,0.094572,0.311626,0.96844862,0.8449,0.52515,0.47485,0,2.49e-09,0.00313682,RMS-optimal|robust-interior|robust
107033,137.53513129,3642.344,245.604497,0.249981,0.312376,0.9684074,0.8351,0.46246,0.53754,0,2.499e-09,0.0031443,RMS-optimal|robust-interior|robust
107467,137.62887473,4326.423,245.999884,0.089398,0.312387,0.96844999,0.8452,0.52724,0.47276,0,2.479e-09,0.00313682,RMS-optimal|robust-interior|robust
107473,137.6301683,4335.862,246.005343,0.087181,0.312728,0.96845057,0.8454,0.52814,0.47186,0,2.453e-09,0.0031458,RMS-optimal|robust-interior|robust
107021,137.53253437,3623.393,245.59355,0.254427,0.313068,0.96840622,0.8348,0.46067,0.53933,0,2.472e-09,0.00315091,RMS-optimal|robust-interior|robust
106993,137.52647387,3579.167,245.568006,0.264801,0.314821,0.96840346,0.8342,0.45649,0.54351,0,2.446e-09,0.00316375,RMS-optimal|robust-interior|robust
107507,137.63749727,4389.344,246.036276,0.074618,0.314826,0.9684539,0.8462,0.53321,0.46679,0,2.432e-09,0.00317118,RMS-optimal|robust-interior|robust
107509,137.63792832,4392.49,246.038095,0.073879,0.314959,0.9684541,0.8462,0.53351,0.46649,0,2.385e-09,0.00317118,RMS-optimal|robust-interior|robust
106979,137.52344307,3557.051,245.555232,0.269989,0.315769,0.96840209,0.8338,0.4544,0.5456,0,2.417e-09,0.00318136,RMS-optimal|robust-interior|robust
106963,137.51997886,3531.771,245.540632,0.275919,0.316911,0.96840051,0.8335,0.45201,0.54799,0,2.401e-09,0.00318462,RMS-optimal|robust-interior|robust
106961,137.5195458,3528.611,245.538807,0.27666,0.317058,0.96840031,0.8334,0.45171,0.54829,0,2.389e-09,0.00318462,RMS-optimal|robust-interior|robust
106957,137.51867966,3522.29,245.535157,0.278143,0.317355,0.96839992,0.8333,0.45111,0.54889,0,2.381e-09,0.0031898,RMS-optimal|robust-interior|robust
106949,137.51694729,3509.649,245.527857,0.281108,0.317961,0.96839913,0.8331,0.44992,0.55008,0,2.368e-09,0.00319977,RMS-optimal|robust-interior|robust
107563,137.64956389,4477.399,246.08721,0.053931,0.318888,0.96845938,0.8475,0.54157,0.45843,0,2.343e-09,0.00323646,RMS-optimal|robust-interior|robust
106937,137.51434851,3490.684,245.516905,0.285556,0.318897,0.96839795,0.8328,0.44813,0.55187,0,2.348e-09,0.00320928,RMS-optimal|robust-interior|robust
106921,137.51088306,3465.396,245.502302,0.291487,0.320198,0.96839637,0.8325,0.44574,0.55426,0,2.323e-09,0.00322606,RMS-optimal|robust-interior|robust
107581,137.65344122,4505.693,246.103579,0.047283,0.32035,0.96846113,0.8479,0.54426,0.45574,0,2.29e-09,0.00325467,RMS-optimal|robust-interior|robust
106907,137.5078504,3443.265,245.489523,0.296677,0.321386,0.96839499,0.8321,0.44365,0.55635,0,2.303e-09,0.00322978,RMS-optimal|robust-interior|robust
106903,137.50698386,3436.942,245.485871,0.29816,0.321733,0.9683946,0.832,0.44305,0.55695,0,2.276e-09,0.00323505,RMS-optimal|robust-interior|robust
107599,137.65731797,4533.983,246.119946,0.040636,0.321886,0.96846289,0.8483,0.54695,0.45305,0,2.265e-09,0.00326078,RMS-optimal|robust-interior|robust
107603,137.65817939,4540.269,246.123582,0.039159,0.322237,0.96846328,0.8484,0.54754,0.45246,0,2.248e-09,0.00326078,RMS-optimal|robust-interior|robust
107609,137.65947146,4549.698,246.129038,0.036944,0.322771,0.96846387,0.8485,0.54844,0.45156,0,2.234e-09,0.00326078,RMS-optimal|robust-interior|robust
107621,137.66205541,4568.554,246.139947,0.032513,0.323863,0.96846504,0.8488,0.55023,0.44977,0,2.209e-09,0.00326078,RMS-optimal|robust-interior|robust
106877,137.50135062,3395.834,245.462136,0.3078,0.324081,0.96839204,0.8314,0.43917,0.56083,0,2.254e-09,0.00326256,RMS-optimal|robust-interior|robust
106871,137.50005046,3386.347,245.456658,0.310024,0.324645,0.96839145,0.8313,0.43827,0.56173,0,2.232e-09,0.0032668,RMS-optimal|robust-interior|robust
106867,137.49918365,3380.021,245.453006,0.311508,0.325025,0.96839105,0.8312,0.43768,0.56232,0,2.221e-09,0.00328133,RMS-optimal|robust-interior|robust
106861,137.49788339,3370.533,245.447528,0.313733,0.325602,0.96839046,0.8311,0.43678,0.56322,0,2.214e-09,0.00329202,RMS-optimal|robust-interior|robust
107641,137.6663614,4599.976,246.158128,0.025129,0.325752,0.968467,0.8493,0.55322,0.44678,0,2.184e-09,0.00328225,RMS-optimal|robust-interior|robust
106859,137.49744995,3367.37,245.445701,0.314474,0.325796,0.96839026,0.831,0.43648,0.56352,0,2.205e-09,0.00329202,RMS-optimal|robust-interior|robust
107647,137.66765306,4609.402,246.163582,0.022914,0.326336,0.96846758,0.8494,0.55411,0.44589,0,2.151e-09,0.00329465,RMS-optimal|robust-interior|robust
106853,137.49614959,3357.881,245.440223,0.316699,0.326383,0.96838967,0.8309,0.43559,0.56441,0,2.18e-09,0.00330191,RMS-optimal|robust-interior|robust
107671,137.67281903,4647.1,246.185396,0.014054,0.32875,0.96846992,0.85,0.5577,0.4423,0,2.12e-09,0.00332737,vEW-optimal|RMS-optimal|robust-interior|robust
106823,137.48964681,3310.427,245.412827,0.327826,0.329438,0.96838671,0.8302,0.43111,0.56889,0,2.142e-09,0.00332772,RMS-optimal|robust-interior|robust
107687,137.67626242,4672.227,246.199937,0.008149,0.330427,0.96847149,0.8504,0.56008,0.43992,0,2.089e-09,0.00334765,vEW-optimal|RMS-optimal|robust-interior|robust
107693,137.67755357,4681.649,246.205389,0.005934,0.331069,0.96847207,0.8505,0.56098,0.43902,0,2.07e-09,0.00334765,vEW-optimal|RMS-optimal|robust-interior|robust
107699,137.67884466,4691.071,246.210841,0.00372,0.331719,0.96847266,0.8506,0.56187,0.43813,0,2.052e-09,0.00335462,vEW-optimal|RMS-optimal|robust-interior|robust
106801,137.48487705,3275.621,245.392734,0.335986,0.331801,0.96838454,0.8297,0.42783,0.57217,0,2.098e-09,0.00334331,RMS-optimal|robust-interior|robust
107713,137.68185694,4713.052,246.223563,0.001447,0.333265,0.96847402,0.851,0.56396,0.43604,0,2.035e-09,0.00337514,vEW-optimal|RMS-optimal|robust-interior|robust
106787,137.48184127,3253.468,245.379947,0.34118,0.333357,0.96838316,0.8293,0.42574,0.57426,0,2.071e-09,0.00335412,RMS-optimal|robust-interior|robust
107717,137.68271752,4719.332,246.227197,0.002923,0.333714,0.96847441,0.8511,0.56456,0.43544,0,2.021e-09,0.00337514,vEW-optimal|RMS-optimal|robust-interior|robust
106783,137.48097384,3247.138,245.376293,0.342664,0.33381,0.96838277,0.8292,0.42514,0.57486,0,2.057e-09,0.00335412,RMS-optimal|robust-interior|robust
107719,137.6831478,4722.472,246.229014,0.003661,0.333939,0.96847461,0.8511,0.56486,0.43514,0,2.002e-09,0.00337514,vEW-optimal|RMS-optimal|robust-interior|robust
106781,137.48054012,3243.973,245.374466,0.343406,0.334037,0.96838257,0.8292,0.42484,0.57516,0,2.038e-09,0.00335412,RMS-optimal|robust-interior|robust
107741,137.68788042,4757.008,246.249002,0.011779,0.336474,0.96847675,0.8516,0.56814,0.43186,0,1.981e-09,0.00339675,vEW-optimal|RMS-optimal|robust-interior
106759,137.47576863,3209.153,245.354368,0.351568,0.336591,0.9683804,0.8287,0.42156,0.57844,0,2.017e-09,0.00336899,RMS-optimal|robust-interior|robust
107747,137.68917098,4766.426,246.254453,0.013993,0.337182,0.96847734,0.8517,0.56904,0.43096,0,1.951e-09,0.00339675,vEW-optimal|robust-interior
106753,137.47446717,3199.656,245.348886,0.353795,0.337305,0.9683798,0.8285,0.42066,0.57934,0,1.996e-09,0.00337427,robust-interior|robust
106751,137.47403333,3196.49,245.347059,0.354537,0.337544,0.96837961,0.8285,0.42036,0.57964,0,1.988e-09,0.00337427,robust-interior|robust
106747,137.47316563,3190.158,245.343405,0.356021,0.338025,0.96837921,0.8284,0.41976,0.58024,0,1.978e-09,0.00337968,robust-interior|robust
107761,137.69218203,4788.398,246.267171,0.019158,0.338862,0.9684787,0.8521,0.57113,0.42887,0,1.929e-09,0.00340402,robust-interior
106739,137.47143014,3177.494,245.336095,0.35899,0.338997,0.96837842,0.8282,0.41857,0.58143,0,1.962e-09,0.00339477,robust-interior
107773,137.69476265,4807.23,246.278071,0.023585,0.340331,0.96847987,0.8524,0.57292,0.42708,0,1.908e-09,0.00341813,robust-interior
106727,137.46882669,3158.496,245.32513,0.363443,0.340479,0.96837724,0.8279,0.41678,0.58322,0,1.944e-09,0.00341462,robust-interior
107777,137.6956228,4813.507,246.281704,0.025061,0.340827,0.96848026,0.8524,0.57352,0.42648,0,1.887e-09,0.00341813,robust-interior
106721,137.46752487,3148.996,245.319648,0.36567,0.34123,0.96837664,0.8278,0.41588,0.58412,0,1.919e-09,0.00341462,robust-interior
107791,137.69863309,4835.474,246.29442,0.030225,0.342587,0.96848163,0.8528,0.57561,0.42439,0,1.848e-09,0.00343227,robust-interior
106703,137.46361899,3120.493,245.303199,0.372351,0.343526,0.96837487,0.8273,0.4132,0.5868,0,1.899e-09,0.00342579,robust-interior
106699,137.46275094,3114.159,245.299543,0.373835,0.344044,0.96837447,0.8273,0.4126,0.5874,0,1.88e-09,0.0034397,robust-interior
106693,137.4614488,3104.657,245.294059,0.376062,0.344827,0.96837388,0.8271,0.4117,0.5883,0,1.864e-09,0.0034397,robust-interior
106681,137.45884432,3085.651,245.283092,0.380517,0.346414,0.96837269,0.8268,0.40991,0.59009,0,1.844e-09,0.003448,robust-interior
107827,137.70637218,4891.949,246.327113,0.043503,0.347278,0.96848514,0.8536,0.58098,0.41902,0,1.806e-09,0.00349867,robust-interior
106669,137.45623958,3066.643,245.272123,0.384971,0.348027,0.96837151,0.8265,0.40812,0.59188,0,1.823e-09,0.00345935,robust-interior
107837,137.70852151,4907.633,246.336193,0.047191,0.348623,0.96848611,0.8538,0.58247,0.41753,0,1.773e-09,0.00350653,robust-interior
106663,137.45493711,3057.138,245.266639,0.387199,0.348844,0.96837091,0.8264,0.40722,0.59278,0,1.809e-09,0.00346533,robust-interior
107839,137.70895136,4910.77,246.338009,0.047928,0.348894,0.96848631,0.8539,0.58277,0.41723,0,1.761e-09,0.00350653,robust-interior
106661,137.45450294,3053.97,245.264811,0.387941,0.349117,0.96837071,0.8264,0.40693,0.59307,0,1.8e-09,0.00346533,robust-interior
107843,137.70981102,4917.043,246.341641,0.049403,0.349438,0.9684867,0.854,0.58337,0.41663,0,1.747e-09,0.00352109,robust-interior
106657,137.45363457,3047.633,245.261154,0.389427,0.349667,0.96837032,0.8263,0.40633,0.59367,0,1.791e-09,0.00347795,robust-interior
106649,137.45189775,3034.959,245.253841,0.392397,0.350774,0.96836953,0.8261,0.40514,0.59486,0,1.774e-09,0.003504,robust-interior
107857,137.71281963,4938.998,246.354352,0.054566,0.351365,0.96848806,0.8543,0.58546,0.41454,0,1.728e-09,0.00352825,robust-interior
106637,137.44929229,3015.946,245.24287,0.396852,0.352456,0.96836834,0.8258,0.40334,0.59666,0,1.754e-09,0.00351339,robust-interior
107867,137.71496841,4954.679,246.36343,0.058253,0.352762,0.96848903,0.8545,0.58695,0.41305,0,1.707e-09,0.00353641,robust-interior
107873,137.7162576,4964.086,246.368877,0.060465,0.353608,0.96848962,0.8547,0.58785,0.41215,0,1.69e-09,0.00354332,robust-interior
106627,137.44712087,3000.101,245.233728,0.400565,0.353878,0.96836735,0.8256,0.40185,0.59815,0,1.734e-09,0.00353167,robust-interior
106621,137.44581793,2990.593,245.228242,0.402793,0.354739,0.96836676,0.8254,0.40096,0.59904,0,1.722e-09,0.00353826,robust-interior
107881,137.7179764,4976.629,246.376139,0.063415,0.354746,0.9684904,0.8549,0.58904,0.41096,0,1.67e-09,0.0035519,robust-interior
106619,137.4453836,2987.423,245.226413,0.403536,0.355027,0.96836656,0.8254,0.40066,0.59934,0,1.697e-09,0.00353826,robust-interior
107897,137.72141367,5001.712,246.390663,0.069313,0.357054,0.96849195,0.8552,0.59143,0.40857,0,1.649e-09,0.00357453,robust-interior
107903,137.72270253,5011.117,246.396109,0.071525,0.357931,0.96849254,0.8554,0.59233,0.40767,0,1.621e-09,0.00358189,robust-interior
106591,137.43930222,2943.045,245.20081,0.413935,0.359136,0.96836379,0.8247,0.39648,0.60352,0,1.645e-09,0.00358071,robust-interior
107923,137.72699824,5042.464,246.414261,0.078897,0.360894,0.96849448,0.8558,0.59531,0.40469,0,1.6e-09,0.00362292,robust-interior
107927,137.7278573,5048.733,246.417891,0.080372,0.361495,0.96849487,0.8559,0.59591,0.40409,0,1.575e-09,0.00363211,robust-interior
107941,137.73086376,5070.673,246.430596,0.085532,0.363616,0.96849624,0.8562,0.598,0.402,0,1.556e-09,0.00364979,robust-interior
107951,137.73301102,5086.342,246.43967,0.089217,0.36515,0.96849721,0.8565,0.59949,0.40051,0,1.527e-09,0.00366588,robust-interior
106543,137.4288736,2866.944,245.156909,0.431765,0.366479,0.96835904,0.8236,0.38931,0.61069,0,1.593e-09,0.0036758,robust-interior
106541,137.42843898,2863.772,245.15508,0.432508,0.366793,0.96835884,0.8235,0.38901,0.61099,0,1.557e-09,0.0036758,robust-interior
106537,137.42756972,2857.429,245.151421,0.433994,0.367423,0.96835845,0.8234,0.38842,0.61158,0,1.549e-09,0.00368374,robust-interior
107971,137.73730498,5117.676,246.457817,0.096587,0.368263,0.96849915,0.8569,0.60248,0.39752,0,1.501e-09,0.00368352,robust-interior
106531,137.42626577,2847.914,245.145932,0.436223,0.368372,0.96835785,0.8233,0.38752,0.61248,0,1.523e-09,0.00369308,robust-interior
107981,137.7394517,5133.342,246.46689,0.100272,0.369842,0.96850013,0.8572,0.60397,0.39603,0,1.469e-09,0.00371031,robust-interior
107999,137.74331532,5161.536,246.483219,0.106904,0.372722,0.96850188,0.8576,0.60666,0.39334,0,1.446e-09,0.00374736,robust-interior
106501,137.41974503,2800.329,245.118486,0.44737,0.373201,0.96835488,0.8226,0.38304,0.61696,0,1.491e-09,0.00375388,robust-interior
108007,137.74503229,5174.065,246.490476,0.109851,0.374017,0.96850265,0.8578,0.60785,0.39215,0,1.427e-09,0.00375645,robust-interior
108011,137.74589074,5180.33,246.494105,0.111325,0.374667,0.96850304,0.8579,0.60845,0.39155,0,1.418e-09,0.00376545,robust-interior
108013,137.74631995,5183.462,246.495919,0.112062,0.374994,0.96850324,0.8579,0.60875,0.39125,0,1.408e-09,0.00376545,robust-interior
106487,137.41670145,2778.119,245.105676,0.452573,0.375501,0.9683535,0.8223,0.38095,0.61905,0,1.442e-09,0.00378833,robust-interior
108023,137.7484659,5199.122,246.504989,0.115746,0.376634,0.96850421,0.8581,0.61024,0.38976,0,1.392e-09,0.00378296,robust-interior
108037,137.75146992,5221.043,246.517687,0.120903,0.378953,0.96850557,0.8585,0.61233,0.38767,0,1.375e-09,0.00379964,robust-interior
108041,137.75232815,5227.306,246.521315,0.122376,0.37962,0.96850596,0.8586,0.61293,0.38707,0,1.352e-09,0.00381607,robust-interior
106453,137.40930836,2724.169,245.074562,0.465209,0.381202,0.96835013,0.8215,0.37588,0.62412,0,1.411e-09,0.00386747,robust-interior
106451,137.40887341,2720.995,245.072732,0.465953,0.381543,0.96834993,0.8214,0.37558,0.62442,0,1.383e-09,0.00386747,robust-interior
108061,137.75661885,5258.616,246.539453,0.129743,0.382991,0.9685079,0.859,0.61591,0.38409,0,1.326e-09,0.00384242,robust-interior
106441,137.40669852,2705.124,245.063579,0.46967,0.383254,0.96834894,0.8212,0.37409,0.62591,0,1.371e-09,0.0038861,robust-interior
106433,137.40495848,2692.427,245.056257,0.472644,0.384632,0.96834815,0.821,0.37289,0.62711,0,1.357e-09,0.00389614,robust-interior
106427,137.40365337,2682.903,245.050765,0.474874,0.385672,0.96834755,0.8208,0.372,0.628,0,1.343e-09,0.00389614,robust-interior
108079,137.76047986,5286.792,246.555775,0.136372,0.386069,0.96850965,0.8594,0.6186,0.3814,0,1.298e-09,0.00387883,robust-interior
106417,137.40147803,2667.029,245.041611,0.478592,0.387415,0.96834656,0.8206,0.3705,0.6295,0,1.33e-09,0.00394622,robust-interior
108089,137.76262461,5302.443,246.564842,0.140054,0.387798,0.96851062,0.8597,0.62009,0.37991,0,1.271e-09,0.00390689,robust-interior
106411,137.40017274,2657.504,245.036119,0.480823,0.388467,0.96834596,0.8205,0.36961,0.63039,0,1.312e-09,0.00395484,robust-interior
106397,137.39712681,2635.276,245.023302,0.486028,0.390941,0.96834458,0.8201,0.36752,0.63248,0,1.297e-09,0.00396331,robust-interior
108107,137.7664847,5330.611,246.581162,0.146682,0.390941,0.96851237,0.8601,0.62278,0.37722,0,1.253e-09,0.00394315,robust-interior
108109,137.76691357,5333.741,246.582975,0.147419,0.391293,0.96851256,0.8601,0.62308,0.37692,0,1.232e-09,0.00394315,robust-interior
106391,137.39582129,2625.75,245.017809,0.488259,0.392009,0.96834398,0.82,0.36662,0.63338,0,1.275e-09,0.00396331,robust-interior
108127,137.77077301,5361.904,246.599293,0.154046,0.394481,0.96851431,0.8606,0.62577,0.37423,0,1.218e-09,0.00395218,robust-interior
108131,137.77163058,5368.162,246.602918,0.155519,0.395195,0.9685147,0.8606,0.62636,0.37364,0,1.201e-09,0.00396155,robust-interior
106373,137.39190435,2597.166,245.001329,0.494952,0.395241,0.9683422,0.8196,0.36393,0.63607,0,1.258e-09,0.0039996,robust-interior
106367,137.39059856,2587.637,244.995835,0.497183,0.396327,0.9683416,0.8194,0.36304,0.63696,0,1.243e-09,0.0039996,robust-interior
108139,137.77334565,5380.678,246.61017,0.158464,0.396628,0.96851548,0.8608,0.62756,0.37244,0,1.182e-09,0.00396155,robust-interior
106363,137.389728,2581.285,244.992172,0.498671,0.397054,0.9683412,0.8193,0.36244,0.63756,0,1.234e-09,0.00400853,robust-interior
106357,137.38842211,2571.755,244.986678,0.500902,0.398147,0.96834061,0.8192,0.36155,0.63845,0,1.224e-09,0.00400853,robust-interior
106349,137.38668081,2559.048,244.979352,0.503878,0.399612,0.96833981,0.819,0.36035,0.63965,0,1.206e-09,0.00400853,robust-interior
108161,137.77806147,5415.091,246.63011,0.166563,0.400609,0.96851761,0.8613,0.63084,0.36916,0,1.156e-09,0.00401174,robust-interior
106331,137.38276245,2530.455,244.962868,0.510573,0.402937,0.96833803,0.8186,0.35767,0.64233,0,1.187e-09,0.00403606,robust-interior
108179,137.78191921,5443.242,246.646423,0.173188,0.403908,0.96851936,0.8618,0.63353,0.36647,0,1.131e-09,0.00404221,robust-interior
106321,137.38058532,2514.567,244.953709,0.514292,0.404801,0.96833704,0.8183,0.35617,0.64383,0,1.171e-09,0.00407589,robust-interior
106319,137.38014987,2511.39,244.951877,0.515036,0.405175,0.96833684,0.8183,0.35587,0.64413,0,1.159e-09,0.00407589,robust-interior
108187,137.78363358,5455.753,246.653673,0.176132,0.405386,0.96852013,0.8619,0.63472,0.36528,0,1.115e-09,0.00405151,robust-interior
108191,137.78449072,5462.007,246.657298,0.177604,0.406127,0.96852052,0.862,0.63532,0.36468,0,1.108e-09,0.00405151,robust-interior
108193,137.78491928,5465.135,246.65911,0.17834,0.406499,0.96852071,0.8621,0.63562,0.36438,0,1.1e-09,0.00405151,robust-interior
106307,137.37753703,2492.323,244.940886,0.5195,0.407429,0.96833565,0.818,0.35408,0.64592,0,1.149e-09,0.0040857,robust-interior
106303,137.37666602,2485.967,244.937222,0.520988,0.408185,0.96833525,0.8179,0.35349,0.64651,0,1.138e-09,0.00409533,robust-interior
108203,137.78706196,5480.771,246.668171,0.182021,0.408363,0.96852168,0.8623,0.63711,0.36289,0,1.089e-09,0.00407167,robust-interior
106297,137.37535945,2476.432,244.931726,0.523221,0.409321,0.96833465,0.8178,0.35259,0.64741,0,1.13e-09,0.00410442,robust-interior
108211,137.78877598,5493.278,246.67542,0.184965,0.409862,0.96852246,0.8625,0.6383,0.3617,0,1.077e-09,0.00408088,robust-interior
106291,137.37405282,2466.897,244.92623,0.525453,0.410461,0.96833406,0.8176,0.35169,0.64831,0,1.117e-09,0.00410442,robust-interior
108217,137.79006142,5502.659,246.680856,0.187173,0.41099,0.96852304,0.8626,0.6392,0.3608,0,1.067e-09,0.0041118,robust-interior
108223,137.79134679,5512.039,246.686292,0.18938,0.412123,0.96852362,0.8628,0.6401,0.3599,0,1.056e-09,0.00412299,robust-interior
106279,137.37143934,2447.826,244.915237,0.529918,0.412754,0.96833287,0.8173,0.3499,0.6501,0,1.107e-09,0.0041234,robust-interior
106277,137.37100374,2444.647,244.913404,0.530662,0.413137,0.96833267,0.8173,0.3496,0.6504,0,1.098e-09,0.0041234,robust-interior
106273,137.3701325,2438.289,244.90974,0.53215,0.413906,0.96833227,0.8172,0.34901,0.65099,0,1.089e-09,0.0041234,robust-interior
108233,137.79348894,5527.671,246.695352,0.19306,0.414019,0.96852459,0.863,0.64159,0.35841,0,1.041e-09,0.00413318,robust-interior
106261,137.36751863,2419.215,244.898746,0.536615,0.416222,0.96833108,0.8169,0.34722,0.65278,0,1.073e-09,0.0041234,robust-interior
108247,137.79648764,5549.553,246.708035,0.198211,0.416691,0.96852595,0.8633,0.64368,0.35632,0,1.022e-09,0.00416551,robust-interior
106243,137.3635973,2390.6,244.882253,0.543314,0.419726,0.96832929,0.8165,0.34453,0.65547,0,1.047e-09,0.0041397,robust-interior
108263,137.79991428,5574.559,246.722528,0.204097,0.419769,0.9685275,0.8637,0.64607,0.35393,0,1.004e-09,0.00421077,robust-interior
108271,137.80162743,5587.06,246.729774,0.20704,0.421318,0.96852828,0.8639,0.64726,0.35274,0,9.85e-10,0.00421077,robust-interior
108287,137.80505339,5612.06,246.744266,0.212926,0.424435,0.96852983,0.8642,0.64965,0.35035,0,9.73e-10,0.00422077,robust-interior
106219,137.35836793,2352.439,244.86026,0.552246,0.42445,0.9683269,0.8159,0.34095,0.65905,0,1.026e-09,0.00420249,robust-interior
108289,137.8054816,5615.185,246.746077,0.213661,0.424826,0.96853002,0.8643,0.64995,0.35005,0,9.63e-10,0.00422077,robust-interior
106217,137.3579321,2349.259,244.858427,0.55299,0.424846,0.9683267,0.8159,0.34065,0.65935,0,1.012e-09,0.00420249,robust-interior
108293,137.806338,5621.435,246.7497,0.215133,0.42561,0.96853041,0.8644,0.65054,0.34946,0,9.56e-10,0.00423085,robust-interior
106213,137.35706041,2342.898,244.854761,0.554479,0.42564,0.96832631,0.8158,0.34005,0.65995,0,1.007e-09,0.00422349,robust-interior
106207,137.35575283,2333.356,244.849262,0.556713,0.426834,0.96832571,0.8156,0.33916,0.66084,0,9.94e-10,0.00423265,robust-interior
108301,137.80805072,5633.933,246.756945,0.218075,0.427182,0.96853118,0.8646,0.65174,0.34826,0,9.32e-10,0.00425561,robust-interior
106189,137.35182969,2304.727,244.832764,0.563413,0.430437,0.96832392,0.8152,0.33647,0.66353,0,9.82e-10,0.00426348,robust-interior
106187,137.35139375,2301.546,244.830931,0.564158,0.430839,0.96832372,0.8152,0.33617,0.66383,0,9.71e-10,0.00426348,robust-interior
106181,137.35008587,2292.002,244.825431,0.566391,0.432048,0.96832313,0.815,0.33527,0.66473,0,9.59e-10,0.00427629,robust-interior
108343,137.81704059,5699.535,246.794975,0.233521,0.435534,0.96853525,0.8655,0.65801,0.34199,0,9.09e-10,0.00436623,robust-interior
106163,137.34616185,2263.367,244.808931,0.573093,0.435697,0.96832134,0.8146,0.33259,0.66741,0,9.34e-10,0.00433142,robust-interior
108347,137.8178966,5705.782,246.798597,0.234992,0.436337,0.96853564,0.8656,0.65861,0.34139,0,8.84e-10,0.00436623,robust-interior
108359,137.82046446,5724.52,246.809461,0.239404,0.438757,0.9685368,0.8659,0.6604,0.3396,0,8.7e-10,0.00438901,robust-interior
108377,137.82431577,5752.625,246.825756,0.246022,0.44241,0.96853854,0.8663,0.66308,0.33692,0,8.57e-10,0.0044108,robust-interior
106129,137.33874815,2209.267,244.777759,0.585753,0.442671,0.96831795,0.8138,0.32751,0.67249,0,9.1e-10,0.00440815,robust-interior
108379,137.82474366,5755.747,246.827566,0.246757,0.442818,0.96853873,0.8664,0.66338,0.33662,0,8.4e-10,0.0044108,robust-interior
106123,137.33743962,2199.718,244.772257,0.587987,0.443913,0.96831736,0.8137,0.32662,0.67338,0,8.93e-10,0.00440815,robust-interior
106121,137.33700343,2196.535,244.770424,0.588732,0.444327,0.96831716,0.8136,0.32632,0.67368,0,8.85e-10,0.00440815,robust-interior
106109,137.33438613,2177.435,244.75942,0.593201,0.446822,0.96831596,0.8133,0.32453,0.67547,0,8.77e-10,0.0044415,robust-interior
108401,137.82944994,5790.091,246.847479,0.254845,0.447324,0.96854086,0.8669,0.66667,0.33333,0,8.26e-10,0.00446458,robust-interior
106103,137.33307738,2167.885,244.753917,0.595436,0.448074,0.96831537,0.8132,0.32363,0.67637,0,8.63e-10,0.00446459,robust-interior
108413,137.83201663,5808.821,246.85834,0.259256,0.449799,0.96854202,0.8671,0.66846,0.33154,0,8.1e-10,0.00448721,robust-interior
106087,137.32958705,2142.415,244.739244,0.601396,0.451429,0.96831377,0.8128,0.32124,0.67876,0,8.34e-10,0.00451086,robust-interior
108421,137.83372761,5821.306,246.86558,0.262196,0.451455,0.9685428,0.8673,0.66965,0.33035,0,7.95e-10,0.004499,robust-interior
108439,137.83757691,5849.396,246.881869,0.268812,0.4552,0.96854454,0.8677,0.67234,0.32766,0,7.79e-10,0.00455162,robust-interior
108457,137.84142562,5877.481,246.898156,0.275427,0.458971,0.96854628,0.8682,0.67503,0.32497,0,7.64e-10,0.00459041,robust-interior
108461,137.84228081,5883.722,246.901775,0.276897,0.459812,0.96854666,0.8683,0.67562,0.32438,0,7.56e-10,0.00459041,robust-interior
108463,137.84270839,5886.842,246.903585,0.277632,0.460233,0.96854686,0.8683,0.67592,0.32408,0,7.42e-10,0.00459041,robust-interior
106033,137.31780362,2056.427,244.689711,0.621513,0.462908,0.96830839,0.8115,0.31318,0.68682,0,8.08e-10,0.00461133,robust-interior
106031,137.31736709,2053.242,244.687876,0.622258,0.463337,0.9683082,0.8115,0.31288,0.68712,0,7.83e-10,0.00461133,robust-interior
106019,137.31474777,2034.127,244.676866,0.62673,0.465922,0.968307,0.8112,0.31109,0.68891,0,7.76e-10,0.0046256,robust-interior
106013,137.313438,2024.57,244.671361,0.628965,0.467219,0.9683064,0.811,0.3102,0.6898,0,7.64e-10,0.00466442,robust-interior
108497,137.84997622,5939.878,246.934344,0.290124,0.467436,0.96855014,0.8691,0.681,0.319,0,7.29e-10,0.00466871,robust-interior
108499,137.85040367,5942.997,246.936153,0.290859,0.467863,0.96855034,0.8691,0.6813,0.3187,0,7.15e-10,0.00466871,robust-interior
108503,137.85125856,5949.236,246.939772,0.292329,0.468716,0.96855072,0.8692,0.68189,0.31811,0,7.08e-10,0.00468289,robust-interior
105997,137.30994496,1999.08,244.65668,0.634928,0.470689,0.96830481,0.8107,0.30781,0.69219,0,7.52e-10,0.00469123,robust-interior
108517,137.85425044,5971.069,246.952435,0.297472,0.471713,0.96855207,0.8695,0.68398,0.31602,0,6.98e-10,0.00471327,robust-interior
105983,137.30688815,1976.773,244.643833,0.640146,0.473742,0.96830341,0.8103,0.30572,0.69428,0,7.4e-10,0.00471871,robust-interior
108529,137.85681463,5989.78,246.963289,0.30188,0.474292,0.96855323,0.8698,0.68577,0.31423,0,6.89e-10,0.00472837,robust-interior
105977,137.30557798,1967.212,244.638327,0.642382,0.475055,0.96830281,0.8102,0.30482,0.69518,0,7.31e-10,0.00473346,robust-interior
108533,137.8576693,5996.017,246.966906,0.303349,0.475154,0.96855362,0.8699,0.68637,0.31363,0,6.81e-10,0.00472837,robust-interior
105971,137.30426774,1957.651,244.63282,0.644619,0.47637,0.96830222,0.8101,0.30393,0.69607,0,7.26e-10,0.00473346,robust-interior
108541,137.85937855,6008.49,246.974142,0.306288,0.476881,0.96855439,0.8701,0.68757,0.31243,0,6.73e-10,0.00474339,robust-interior
105967,137.30339421,1951.277,244.629149,0.646109,0.477248,0.96830182,0.81,0.30333,0.69667,0,7.19e-10,0.00476722,robust-interior
108553,137.86194222,6027.198,246.984994,0.310695,0.47948,0.96855555,0.8704,0.68936,0.31064,0,6.66e-10,0.00478407,robust-interior
105953,137.30033662,1928.964,244.6163,0.651328,0.480332,0.96830042,0.8096,0.30124,0.69876,0,7.1e-10,0.00479764,robust-interior
108557,137.86279672,6033.434,246.988611,0.312164,0.480349,0.96855594,0.8705,0.68995,0.31005,0,6.56e-10,0.00478407,robust-interior
105943,137.29815239,1913.025,244.607121,0.655056,0.482543,0.96829942,0.8094,0.29975,0.70025,0,6.98e-10,0.00481313,robust-interior
108571,137.86578724,6055.257,247.00127,0.317306,0.483396,0.96855729,0.8708,0.69204,0.30796,0,6.46e-10,0.00482673,robust-interior
105929,137.29509416,1890.708,244.59427,0.660275,0.48565,0.96829803,0.8091,0.29766,0.70234,0,6.86e-10,0.00482898,robust-interior
108587,137.86920454,6080.194,247.015737,0.323181,0.486895,0.96855883,0.8712,0.69443,0.30557,0,6.24e-10,0.00485343,robust-interior
105913,137.29159859,1865.2,244.579582,0.666241,0.489217,0.96829643,0.8087,0.29527,0.70473,0,6.75e-10,0.00488648,robust-interior
105907,137.29028763,1855.633,244.574073,0.668478,0.490559,0.96829583,0.8085,0.29437,0.70563,0,6.66e-10,0.00490142,robust-interior
105899,137.28853957,1842.877,244.566728,0.671461,0.492353,0.96829503,0.8083,0.29318,0.70682,0,6.57e-10,0.00493353,robust-interior
105883,137.2850431,1817.362,244.552038,0.677428,0.495952,0.96829344,0.808,0.29079,0.70921,0,6.47e-10,0.00498104,robust-interior
108631,137.87859976,6148.754,247.055515,0.339337,0.496599,0.96856308,0.8722,0.701,0.299,0,6.05e-10,0.00497845,robust-interior
108637,137.87988065,6158.101,247.060938,0.341539,0.497931,0.96856366,0.8723,0.7019,0.2981,0,5.9e-10,0.00497845,robust-interior
105871,137.28242042,1798.223,244.541019,0.681903,0.498662,0.96829224,0.8077,0.289,0.711,0,6.37e-10,0.00499654,robust-interior
108643,137.88116148,6167.448,247.066361,0.343742,0.499266,0.96856424,0.8724,0.70279,0.29721,0,5.85e-10,0.00499178,robust-interior
105863,137.28067182,1785.463,244.533672,0.684887,0.500474,0.96829144,0.8075,0.2878,0.7122,0,6.22e-10,0.0050115,robust-interior
108649,137.88244225,6176.794,247.071784,0.345944,0.500602,0.96856482,0.8726,0.70369,0.29631,0,5.74e-10,0.00499178,robust-interior
108677,137.88841831,6220.404,247.097089,0.356222,0.506867,0.96856752,0.8732,0.70787,0.29213,0,5.58e-10,0.00507747,robust-interior
105829,137.27323893,1731.223,244.502446,0.697569,0.508219,0.96828804,0.8067,0.28273,0.71727,0,6.07e-10,0.00506745,robust-interior
105817,137.27061503,1712.075,244.491423,0.702046,0.51097,0.96828685,0.8064,0.28094,0.71906,0,5.83e-10,0.00509698,robust-interior
108707,137.89481967,6267.117,247.124197,0.367231,0.513628,0.96857041,0.8739,0.71235,0.28765,0,5.42e-10,0.00518334,robust-interior
108709,137.89524637,6270.23,247.126004,0.367965,0.51408,0.9685706,0.874,0.71264,0.28736,0,5.3e-10,0.00518334,robust-interior
108727,137.89908634,6298.252,247.142267,0.37457,0.518161,0.96857233,0.8744,0.71533,0.28467,0,5.23e-10,0.00522213,robust-interior
108739,137.901646,6316.931,247.153107,0.378973,0.520892,0.96857349,0.8746,0.71712,0.28288,0,5.13e-10,0.00526266,robust-interior
105769,137.26011673,1635.465,244.447326,0.719955,0.522055,0.96828205,0.8052,0.27377,0.72623,0,5.68e-10,0.00521334,robust-interior
105767,137.2596792,1632.273,244.445488,0.720702,0.52252,0.96828185,0.8052,0.27347,0.72653,0,5.54e-10,0.00521334,robust-interior
108751,137.90420541,6335.608,247.163947,0.383376,0.52363,0.96857465,0.8749,0.71891,0.28109,0,5.05e-10,0.0053121,robust-interior
105761,137.25836659,1622.694,244.439975,0.722941,0.523915,0.96828125,0.8051,0.27258,0.72742,0,5.5e-10,0.00524567,robust-interior
108761,137.90633805,6351.17,247.17298,0.387044,0.525917,0.96857561,0.8751,0.72041,0.27959,0,4.98e-10,0.00536347,robust-interior
105751,137.25617874,1606.729,244.430786,0.726673,0.526246,0.96828025,0.8048,0.27109,0.72891,0,5.42e-10,0.00527744,robust-interior
108769,137.90804403,6363.619,247.180206,0.389979,0.52775,0.96857638,0.8753,0.7216,0.2784,0,4.89e-10,0.00537366,robust-interior
105733,137.25224014,1577.987,244.414245,0.733391,0.530454,0.96827845,0.8044,0.2684,0.7316,0,5.35e-10,0.00532555,robust-interior
105727,137.25092714,1568.406,244.408731,0.735631,0.531861,0.96827785,0.8042,0.2675,0.7325,0,5.23e-10,0.00537097,robust-interior
108791,137.91273489,6397.85,247.200076,0.398049,0.532807,0.9685785,0.8758,0.72488,0.27512,0,4.82e-10,0.00542352,robust-interior
108793,137.91316128,6400.962,247.201882,0.398782,0.533268,0.96857869,0.8759,0.72518,0.27482,0,4.75e-10,0.00542352,robust-interior
108799,137.91444044,6410.296,247.2073,0.400983,0.534652,0.96857927,0.876,0.72608,0.27392,0,4.73e-10,0.00542352,robust-interior
108803,137.91529317,6416.519,247.210912,0.40245,0.535576,0.96857965,0.8761,0.72668,0.27332,0,4.67e-10,0.00543399,robust-interior
105701,137.24523668,1526.88,244.384833,0.745336,0.537977,0.96827525,0.8036,0.26362,0.73638,0,5.14e-10,0.00544444,robust-interior
108821,137.91913012,6444.519,247.227166,0.409051,0.539741,0.96858139,0.8765,0.72936,0.27064,0,4.61e-10,0.00544467,robust-interior
105691,137.2430477,1510.907,244.375641,0.749069,0.540339,0.96827425,0.8034,0.26213,0.73787,0,5.05e-10,0.00548636,robust-interior
108827,137.92040897,6453.851,247.232584,0.411252,0.541133,0.96858196,0.8767,0.73026,0.26974,0,4.49e-10,0.00544467,robust-interior
105683,137.24129638,1498.127,244.368287,0.752056,0.542233,0.96827345,0.8032,0.26093,0.73907,0,4.99e-10,0.00548636,robust-interior
105673,137.23910706,1482.15,244.359094,0.75579,0.544604,0.96827245,0.803,0.25944,0.74056,0,4.94e-10,0.00550283,robust-interior
105667,137.23779337,1472.564,244.353578,0.75803,0.546029,0.96827185,0.8028,0.25855,0.74145,0,4.88e-10,0.00553276,robust-interior
105653,137.23472785,1450.194,244.340706,0.763258,0.54936,0.96827044,0.8025,0.25646,0.74354,0,4.83e-10,0.0055498,robust-interior
108863,137.92808073,6509.834,247.265085,0.424452,0.549517,0.96858543,0.8775,0.73563,0.26437,0,4.39e-10,0.00553193,robust-interior
105649,137.23385191,1443.802,244.337028,0.764752,0.550314,0.96827004,0.8024,0.25586,0.74414,0,4.73e-10,0.00556352,robust-interior
108869,137.92935913,6519.163,247.270502,0.426652,0.55092,0.968586,0.8776,0.73653,0.26347,0,4.3e-10,0.00553193,robust-interior
108877,137.93106357,6531.601,247.277723,0.429585,0.552793,0.96858677,0.8778,0.73772,0.26228,0,4.26e-10,0.00554379,robust-interior
108881,137.93191574,6537.82,247.281334,0.431051,0.553731,0.96858716,0.8779,0.73832,0.26168,0,4.24e-10,0.0055563,robust-interior
108883,137.93234182,6540.929,247.283139,0.431784,0.5542,0.96858735,0.8779,0.73862,0.26138,0,4.22e-10,0.0055563,robust-interior
108887,137.93319395,6547.147,247.28675,0.433251,0.555138,0.96858774,0.878,0.73921,0.26079,0,4.2e-10,0.0055563,robust-interior
108893,137.93447209,6556.474,247.292165,0.43545,0.556548,0.96858831,0.8782,0.74011,0.25989,0,4.15e-10,0.0055563,robust-interior
105619,137.22728145,1395.855,244.309442,0.775956,0.55749,0.96826704,0.8017,0.25138,0.74862,0,4.66e-10,0.00559279,robust-interior
105613,137.22596716,1386.264,244.303924,0.778197,0.558931,0.96826644,0.8015,0.25049,0.74951,0,4.58e-10,0.00560837,robust-interior
108907,137.93745418,6578.236,247.304801,0.440582,0.559841,0.96858966,0.8785,0.7422,0.2578,0,4.1e-10,0.00558148,robust-interior
105607,137.22465279,1376.673,244.298406,0.780438,0.560373,0.96826584,0.8014,0.24959,0.75041,0,4.54e-10,0.00562352,robust-interior
105601,137.22333836,1367.081,244.292888,0.782679,0.561816,0.96826524,0.8012,0.24869,0.75131,0,4.45e-10,0.0056382,robust-interior
108917,137.93958403,6593.778,247.313826,0.444247,0.562199,0.96859062,0.8787,0.74369,0.25631,0,4.04e-10,0.00561715,robust-interior
108923,137.94086185,6603.103,247.31924,0.446446,0.563615,0.9685912,0.8789,0.74459,0.25541,0,4e-10,0.0056295,robust-interior
108929,137.94213961,6612.427,247.324655,0.448645,0.565033,0.96859177,0.879,0.74548,0.25452,0,3.96e-10,0.00564098,robust-interior
108943,137.94512079,6634.182,247.337288,0.453776,0.568347,0.96859312,0.8793,0.74757,0.25243,0,3.92e-10,0.00568888,robust-interior
108947,137.9459725,6640.397,247.340897,0.455242,0.569295,0.9685935,0.8794,0.74817,0.25183,0,3.88e-10,0.00570044,robust-interior
108949,137.94639834,6643.504,247.342702,0.455975,0.56977,0.9685937,0.8795,0.74847,0.25153,0,3.85e-10,0.00570044,robust-interior
105563,137.21501203,1306.321,244.257935,0.796875,0.570997,0.96826143,0.8003,0.24302,0.75698,0,4.36e-10,0.00573344,robust-interior
108959,137.94852744,6659.041,247.351724,0.45964,0.572144,0.96859466,0.8797,0.74996,0.25004,0,3.83e-10,0.00572348,robust-interior
105557,137.21369709,1296.725,244.252415,0.799117,0.572452,0.96826083,0.8002,0.24213,0.75787,0,4.26e-10,0.00577258,robust-interior
108961,137.94895323,6662.148,247.353529,0.460372,0.572619,0.96859485,0.8797,0.75026,0.24974,0,3.8e-10,0.00572348,robust-interior
108967,137.95023058,6671.47,247.358942,0.462571,0.574046,0.96859542,0.8799,0.75116,0.24884,0,3.78e-10,0.0057348,robust-interior
108971,137.95108212,6677.684,247.362551,0.464037,0.574998,0.96859581,0.88,0.75175,0.24825,0,3.73e-10,0.0057693,robust-interior
105541,137.21019027,1271.134,244.237695,0.805095,0.57634,0.96825923,0.7998,0.23974,0.76026,0,4.21e-10,0.00579948,robust-interior
105533,137.20843668,1258.338,244.230335,0.808084,0.578288,0.96825842,0.7996,0.23854,0.76146,0,4.16e-10,0.00581181,robust-interior
105529,137.20755983,1251.939,244.226654,0.809579,0.579263,0.96825802,0.7995,0.23795,0.76205,0,4.14e-10,0.00583755,robust-interior
105527,137.2071214,1248.74,244.224814,0.810327,0.579751,0.96825782,0.7995,0.23765,0.76235,0,4.11e-10,0.00583755,robust-interior
108991,137.95533935,6708.75,247.380594,0.471365,0.579766,0.96859773,0.8804,0.75474,0.24526,0,3.68e-10,0.0057693,robust-interior
109001,137.95746769,6724.281,247.389614,0.475028,0.582156,0.96859869,0.8806,0.75623,0.24377,0,3.61e-10,0.0058271,robust-interior
105517,137.20492912,1232.742,244.215612,0.814064,0.582192,0.96825682,0.7992,0.23615,0.76385,0,4.08e-10,0.00587499,robust-interior
105509,137.20317516,1219.943,244.208251,0.817053,0.584149,0.96825602,0.7991,0.23496,0.76504,0,4.04e-10,0.00587499,robust-interior
109013,137.96002147,6742.917,247.400438,0.479424,0.585029,0.96859984,0.8809,0.75802,0.24198,0,3.54e-10,0.00585089,robust-interior
105503,137.20185962,1210.343,244.20273,0.819296,0.585617,0.96825541,0.7989,0.23406,0.76594,0,4.01e-10,0.00587499,robust-interior
105499,137.20098255,1203.942,244.199049,0.820791,0.586597,0.96825501,0.7988,0.23347,0.76653,0,3.98e-10,0.00588802,robust-interior
105491,137.19922831,1191.141,244.191686,0.823781,0.588559,0.96825421,0.7986,0.23227,0.76773,0,3.93e-10,0.00588802,robust-interior
109037,137.96512827,6780.183,247.422084,0.488215,0.590789,0.96860215,0.8815,0.76161,0.23839,0,3.47e-10,0.00588633,robust-interior
109049,137.96768128,6798.813,247.432906,0.492611,0.593677,0.9686033,0.8817,0.7634,0.2366,0,3.39e-10,0.00588633,robust-interior
105467,137.19396489,1152.732,244.169597,0.832752,0.59446,0.9682518,0.798,0.22869,0.77131,0,3.85e-10,0.0059549,robust-interior
109063,137.97065946,6820.546,247.445531,0.497738,0.597052,0.96860464,0.8821,0.76549,0.23451,0,3.34e-10,0.0058997,robust-interior
105449,137.1900166,1123.92,244.153029,0.839482,0.5989,0.96825,0.7976,0.226,0.774,0,3.77e-10,0.00602097,robust-interior
109073,137.97278653,6836.068,247.454547,0.5014,0.599467,0.9686056,0.8823,0.76698,0.23302,0,3.27e-10,0.00593382,robust-interior
105437,137.18738407,1104.71,244.141982,0.843968,0.601866,0.96824879,0.7973,0.22421,0.77579,0,3.68e-10,0.00604761,robust-interior
109097,137.97789075,6873.316,247.476186,0.510188,0.605276,0.9686079,0.8828,0.77056,0.22944,0,3.22e-10,0.00601813,robust-interior
109103,137.97916665,6882.626,247.481595,0.512385,0.606731,0.96860848,0.883,0.77146,0.22854,0,3.17e-10,0.00603235,robust-interior
109111,137.98086774,6895.04,247.488807,0.515314,0.608673,0.96860925,0.8832,0.77265,0.22735,0,3.14e-10,0.00604408,robust-interior
105407,137.18080154,1056.675,244.114361,0.855186,0.609306,0.96824578,0.7966,0.21973,0.78027,0,3.62e-10,0.00611072,robust-interior
105401,137.17948482,1047.066,244.108837,0.85743,0.610798,0.96824518,0.7965,0.21884,0.78116,0,3.56e-10,0.00612406,robust-interior
109121,137.98299395,6910.555,247.497822,0.518976,0.611103,0.9686102,0.8834,0.77415,0.22585,0,3.1e-10,0.00608408,robust-interior
105397,137.17860698,1040.66,244.105154,0.858926,0.611794,0.96824478,0.7964,0.21824,0.78176,0,3.54e-10,0.00615035,robust-interior
105389,137.1768512,1027.848,244.097787,0.861917,0.613786,0.96824397,0.7962,0.21705,0.78295,0,3.51e-10,0.00615035,robust-interior
109133,137.98554517,6929.173,247.508638,0.523369,0.614023,0.96861136,0.8837,0.77594,0.22406,0,3.06e-10,0.00612261,robust-interior
109139,137.98682068,6938.48,247.514046,0.525565,0.615485,0.96861193,0.8838,0.77683,0.22317,0,3.03e-10,0.00612261,robust-interior
109141,137.98724583,6941.583,247.515849,0.526297,0.615973,0.96861212,0.8838,0.77713,0.22287,0,3.02e-10,0.00612261,robust-interior
105379,137.1746563,1011.831,244.088578,0.865658,0.61628,0.96824297,0.7959,0.21555,0.78445,0,3.47e-10,0.00615035,robust-interior
109147,137.98852126,6950.89,247.521257,0.528494,0.617436,0.9686127,0.884,0.77803,0.22197,0,2.99e-10,0.00613481,robust-interior
105373,137.17333926,1002.22,244.083052,0.867902,0.617777,0.96824237,0.7958,0.21466,0.78534,0,3.45e-10,0.00616403,robust-interior
105367,137.17202217,992.608,244.077527,0.870146,0.619276,0.96824176,0.7957,0.21376,0.78624,0,3.42e-10,0.0061774,robust-interior
109159,137.99107192,6969.503,247.532072,0.532886,0.620366,0.96861385,0.8842,0.77982,0.22018,0,2.96e-10,0.00617587,robust-interior
105361,137.170705,982.997,244.072001,0.87239,0.620777,0.96824116,0.7955,0.21287,0.78713,0,3.4e-10,0.00618939,robust-interior
105359,137.17026593,979.792,244.070159,0.873138,0.621277,0.96824096,0.7955,0.21257,0.78743,0,3.37e-10,0.00618939,robust-interior
109169,137.99319727,6985.013,247.541084,0.536546,0.622811,0.96861481,0.8845,0.78131,0.21869,0,2.93e-10,0.00624685,robust-interior
109171,137.99362232,6988.114,247.542887,0.537278,0.6233,0.968615,0.8845,0.78161,0.21839,0,2.88e-10,0.00624685,robust-interior
105341,137.16631394,950.953,244.05358,0.879872,0.625787,0.96823915,0.795,0.20988,0.79012,0,3.34e-10,0.00621595,robust-interior
105337,137.16543564,944.544,244.049895,0.881368,0.62679,0.96823875,0.7949,0.20928,0.79072,0,3.31e-10,0.00624192,robust-interior
105331,137.16411813,934.93,244.044368,0.883613,0.628296,0.96823815,0.7948,0.20839,0.79161,0,3.28e-10,0.006254,robust-interior
109199,137.99957227,7031.533,247.568117,0.547526,0.630162,0.96861768,0.8852,0.78579,0.21421,0,2.84e-10,0.00633142,robust-interior
105323,137.16236134,922.11,244.036999,0.886606,0.630307,0.96823734,0.7946,0.2072,0.7928,0,3.26e-10,0.00627949,robust-interior
109201,137.99999721,7034.634,247.569919,0.548257,0.630653,0.96861787,0.8852,0.78609,0.21391,0,2.79e-10,0.00633142,robust-interior
105319,137.1614829,915.7,244.033314,0.888103,0.631313,0.96823694,0.7945,0.2066,0.7934,0,3.2e-10,0.00627949,robust-interior
109211,138.00212182,7050.138,247.578929,0.551917,0.63311,0.96861883,0.8854,0.78758,0.21242,0,2.76e-10,0.00634599,robust-interior
109229,138.00594566,7078.042,247.595146,0.558503,0.637539,0.96862055,0.8858,0.79027,0.20973,0,2.7e-10,0.00637478,robust-interior
105277,137.15225744,848.378,243.994617,0.903819,0.641906,0.96823272,0.7935,0.20033,0.79967,0,3.13e-10,0.00637947,robust-interior
109253,138.01104323,7115.241,247.616766,0.567284,0.643458,0.96862285,0.8864,0.79385,0.20615,0,2.64e-10,0.00645731,robust-interior
105269,137.15049983,835.552,243.987246,0.906813,0.64393,0.96823191,0.7933,0.19913,0.80087,0,3.07e-10,0.00639614,mid-range
105263,137.14918154,825.932,243.981717,0.909058,0.645449,0.96823131,0.7932,0.19824,0.80176,0,3.04e-10,0.00640982,mid-range
109267,138.01401633,7136.937,247.629376,0.572405,0.646918,0.96862419,0.8867,0.79594,0.20406,0,2.58e-10,0.00647083,robust-interior
105253,137.14698424,809.898,243.972501,0.912801,0.647984,0.9682303,0.7929,0.19675,0.80325,0,3.02e-10,0.00640982,mid-range
105251,137.14654476,806.691,243.970658,0.91355,0.648491,0.9682301,0.7929,0.19645,0.80355,0,3e-10,0.00640982,mid-range
109279,138.01656443,7155.531,247.640183,0.576795,0.649888,0.96862534,0.887,0.79773,0.20227,0,2.54e-10,0.00651101,robust-interior
105239,137.1439077,787.447,243.959598,0.918041,0.651537,0.96822889,0.7926,0.19466,0.80534,0,2.97e-10,0.00642297,mid-range
105229,137.14170995,771.409,243.950381,0.921785,0.654079,0.96822789,0.7924,0.19316,0.80684,0,2.94e-10,0.00647274,mid-range
109297,138.0203861,7183.419,247.656394,0.583378,0.654349,0.96862706,0.8874,0.80042,0.19958,0,2.5e-10,0.00652398,mid-range
105227,137.14127037,768.202,243.948538,0.922533,0.654587,0.96822768,0.7923,0.19286,0.80714,0,2.91e-10,0.00647274,mid-range
109303,138.02165986,7192.714,247.661797,0.585573,0.655838,0.96862764,0.8875,0.80131,0.19869,0,2.47e-10,0.00653672,mid-range
109313,138.02378266,7208.205,247.670802,0.58923,0.658321,0.96862859,0.8878,0.80281,0.19719,0,2.44e-10,0.00657706,mid-range
105211,137.1377535,742.538,243.93379,0.928523,0.658661,0.96822607,0.7919,0.19048,0.80952,0,2.88e-10,0.00650719,mid-range
109321,138.02548077,7220.597,247.678005,0.592156,0.66031,0.96862936,0.8879,0.804,0.196,0,2.41e-10,0.00660444,mid-range
105199,137.13511553,723.288,243.922728,0.933016,0.661721,0.96822487,0.7916,0.18868,0.81132,0,2.83e-10,0.00654952,mid-range
109331,138.02760324,7236.085,247.687009,0.595812,0.662798,0.96863032,0.8882,0.80549,0.19451,0,2.37e-10,0.00661777,mid-range
105173,137.12939898,681.572,243.898757,0.942752,0.668366,0.96822225,0.791,0.1848,0.8152,0,2.78e-10,0.00660716,mid-range
109357,138.03312085,7276.349,247.710417,0.605319,0.669277,0.9686328,0.8888,0.80937,0.19063,0,2.33e-10,0.00671389,mid-range
105167,137.12807959,671.944,243.893225,0.944998,0.669902,0.96822164,0.7909,0.18391,0.81609,0,2.73e-10,0.00663929,mid-range
109363,138.03439397,7285.64,247.715818,0.607513,0.670775,0.96863338,0.8889,0.81027,0.18973,0,2.3e-10,0.00672847,mid-range
109367,138.03524269,7291.833,247.719419,0.608975,0.671773,0.96863376,0.889,0.81087,0.18913,0,2.28e-10,0.00674216,mid-range
109379,138.03778866,7310.412,247.730221,0.613362,0.674772,0.9686349,0.8893,0.81266,0.18734,0,2.26e-10,0.00678596,mid-range
105143,137.12280135,633.427,243.871094,0.953987,0.676056,0.96821923,0.7903,0.18033,0.81967,0,2.69e-10,0.00673758,mid-range
109387,138.03948583,7322.797,247.737422,0.616287,0.676773,0.96863567,0.8894,0.81385,0.18615,0,2.23e-10,0.00679919,mid-range
105137,137.12148162,623.796,243.865561,0.956234,0.677597,0.96821862,0.7901,0.17943,0.82057,0,2.64e-10,0.00675305,mid-range
109391,138.04033437,7328.989,247.741022,0.617749,0.677774,0.96863605,0.8895,0.81445,0.18555,0,2.22e-10,0.00681211,mid-range
109397,138.04160714,7338.277,247.746422,0.619942,0.679276,0.96863663,0.8897,0.81535,0.18465,0,2.19e-10,0.00682489,mid-range
105107,137.11488193,575.636,243.837893,0.967471,0.685315,0.9682156,0.7894,0.17495,0.82505,0,2.6e-10,0.00687309,mid-range
109423,138.0471217,7378.518,247.769821,0.629446,0.685794,0.96863911,0.8903,0.81923,0.18077,0,2.15e-10,0.0069065,mid-range
105097,137.11268165,559.58,243.828669,0.971217,0.687893,0.96821459,0.7892,0.17346,0.82654,0,2.54e-10,0.00687309,mid-range
109433,138.04924237,7393.993,247.77882,0.6331,0.688305,0.96864006,0.8905,0.82072,0.17928,0,2.11e-10,0.00692086,mid-range
109441,138.05093878,7406.373,247.786019,0.636024,0.690315,0.96864083,0.8907,0.82191,0.17809,0,2.09e-10,0.00693359,mid-range
109451,138.05305913,7421.846,247.795016,0.639678,0.69283,0.96864178,0.8909,0.82341,0.17659,0,2.07e-10,0.00693359,mid-range
109453,138.05348317,7424.94,247.796816,0.640409,0.693333,0.96864197,0.8909,0.82371,0.17629,0,2.05e-10,0.00693359,mid-range
105071,137.10696003,517.827,243.804684,0.980959,0.694608,0.96821197,0.7886,0.16958,0.83042,0,2.48e-10,0.00692374,mid-range
109469,138.05687531,7449.694,247.811211,0.646256,0.697361,0.9686435,0.8913,0.82609,0.17391,0,2.03e-10,0.00698682,mid-range
109471,138.05729929,7452.788,247.81301,0.646987,0.697865,0.96864369,0.8914,0.82639,0.17361,0,2.01e-10,0.00698682,mid-range
109481,138.05941911,7468.257,247.822007,0.65064,0.700386,0.96864465,0.8916,0.82788,0.17212,0,1.98e-10,0.00701294,mid-range
105037,137.09947596,463.213,243.773314,0.993699,0.703415,0.96820854,0.7877,0.1645,0.8355,0,2.42e-10,0.00706144,mid-range
105031,137.09815501,453.574,243.767777,0.995948,0.704971,0.96820793,0.7876,0.16361,0.83639,0,2.38e-10,0.0070785,mid-range
109507,138.06492981,7508.47,247.845395,0.660139,0.706949,0.96864713,0.8922,0.83177,0.16823,0,1.95e-10,0.00703861,mid-range
105023,137.09639364,440.72,243.760395,0.998946,0.707049,0.96820713,0.7874,0.16241,0.83759,0,2.37e-10,0.00713283,mid-range
105019,137.09551291,434.293,243.756703,1.000445,0.708088,0.96820672,0.7873,0.16182,0.83818,0,2.34e-10,0.00713283,mid-range
109517,138.06704899,7523.935,247.854389,0.663792,0.709477,0.96864808,0.8924,0.83326,0.16674,0,1.92e-10,0.00706697,mid-range
109519,138.06747281,7527.027,247.856188,0.664523,0.709983,0.96864828,0.8924,0.83356,0.16644,0,1.9e-10,0.00706697,mid-range
104999,137.09110879,402.155,243.738245,1.007942,0.71329,0.9682047,0.7868,0.15883,0.84117,0,2.32e-10,0.00718551,mid-range
109537,138.07128682,7554.86,247.872377,0.671098,0.714539,0.96864999,0.8929,0.83624,0.16376,0,1.88e-10,0.0071084,mid-range
109541,138.07213431,7561.044,247.875974,0.672559,0.715552,0.96865037,0.8929,0.83684,0.16316,0,1.86e-10,0.00712388,mid-range
104987,137.08846595,382.869,243.72717,1.01244,0.716415,0.96820349,0.7865,0.15704,0.84296,0,2.28e-10,0.00722108,mid-range
109547,138.07340547,7570.32,247.88137,0.67475,0.717072,0.96865095,0.8931,0.83774,0.16226,0,1.84e-10,0.00712388,mid-range
104971,137.08494173,357.152,243.712401,1.018439,0.720587,0.96820188,0.7862,0.15465,0.84535,0,2.25e-10,0.00727053,mid-range
109567,138.07764225,7601.237,247.899354,0.682054,0.722145,0.96865285,0.8935,0.84072,0.15928,0,1.81e-10,0.0071643,mid-range
104959,137.08229825,337.861,243.701323,1.022938,0.723721,0.96820067,0.7859,0.15286,0.84714,0,2.22e-10,0.00731905,mid-range
109579,138.08018397,7619.785,247.910144,0.686437,0.725192,0.968654,0.8938,0.84251,0.15749,0,1.78e-10,0.00717744,mid-range
104953,137.08097641,328.215,243.695784,1.025187,0.725288,0.96820006,0.7857,0.15196,0.84804,0,2.21e-10,0.00731905,mid-range
109583,138.08103116,7625.967,247.91374,0.687897,0.726208,0.96865438,0.8939,0.84311,0.15689,0,1.77e-10,0.00719046,mid-range
104947,137.07965449,318.569,243.690245,1.027437,0.726857,0.96819945,0.7856,0.15107,0.84893,0,2.19e-10,0.00731905,mid-range
109589,138.08230188,7635.24,247.919135,0.690088,0.727733,0.96865495,0.894,0.84401,0.15599,0,1.76e-10,0.00722141,mid-range
109597,138.08399608,7647.604,247.926327,0.693009,0.729767,0.96865571,0.8942,0.8452,0.1548,0,1.74e-10,0.00725236,mid-range
104933,137.07656976,296.059,243.677319,1.032687,0.73052,0.96819804,0.7852,0.14898,0.85102,0,2.16e-10,0.0073703,mid-range
109609,138.08653717,7666.147,247.937115,0.697391,0.73282,0.96865686,0.8945,0.84699,0.15301,0,1.72e-10,0.00728395,mid-range
104917,137.07304389,270.329,243.662545,1.038687,0.734711,0.96819642,0.7849,0.14659,0.85341,0,2.14e-10,0.00741346,mid-range
109619,138.08865455,7681.598,247.946105,0.701042,0.735367,0.96865781,0.8947,0.84848,0.15152,0,1.7e-10,0.00730108,mid-range
109621,138.089078,7684.688,247.947902,0.701772,0.735876,0.968658,0.8948,0.84878,0.15122,0,1.68e-10,0.00730108,mid-range
104911,137.07172156,260.679,243.657005,1.040937,0.736284,0.96819582,0.7847,0.14569,0.85431,0,2.11e-10,0.00742712,mid-range
109639,138.09288878,7712.497,247.964082,0.708343,0.740465,0.96865972,0.8952,0.85147,0.14853,0,1.66e-10,0.00736132,mid-range
104891,137.0673133,228.511,243.638535,1.048438,0.741534,0.9681938,0.7842,0.14271,0.85729,0,2.08e-10,0.00749934,mid-range
104879,137.06466797,209.207,243.627453,1.052939,0.744688,0.96819258,0.7839,0.14092,0.85908,0,2.06e-10,0.00752404,mid-range
109661,138.09754561,7746.479,247.983854,0.716373,0.74608,0.96866181,0.8957,0.85475,0.14525,0,1.63e-10,0.00747842,mid-range
109663,138.09796892,7749.568,247.985652,0.717103,0.746591,0.968662,0.8957,0.85505,0.14495,0,1.61e-10,0.00747842,mid-range
104869,137.06246332,193.119,243.618216,1.056691,0.747318,0.96819157,0.7837,0.13942,0.86058,0,2.03e-10,0.0075513,mid-range
109673,138.10008535,7765.013,247.994638,0.720753,0.749146,0.96866296,0.8959,0.85655,0.14345,0,1.58e-10,0.00752218,mid-range
104851,137.05849447,164.157,243.60159,1.063443,0.752058,0.96818975,0.7833,0.13674,0.86326,0,2.01e-10,0.00757576,mid-range
104849,137.05805345,160.938,243.599742,1.064194,0.752585,0.96818955,0.7832,0.13644,0.86356,0,1.99e-10,0.00757576,mid-range
104831,137.05408391,131.971,243.583114,1.070947,0.757332,0.96818773,0.7828,0.13375,0.86625,0,1.97e-10,0.007602,mid-range
104827,137.0532017,125.534,243.579418,1.072448,0.758387,0.96818732,0.7827,0.13315,0.86685,0,1.94e-10,0.00761616,mid-range
109717,138.10939553,7832.952,248.034174,0.73681,0.760408,0.96866715,0.8969,0.86311,0.13689,0,1.54e-10,0.00761965,mid-range
109721,138.11024174,7839.127,248.037767,0.73827,0.761433,0.96866753,0.897,0.86371,0.13629,0,1.5e-10,0.00766154,mid-range
104803,137.04790783,86.902,243.557244,1.081454,0.764728,0.9681849,0.7821,0.12957,0.87043,0,1.93e-10,0.00765803,alpha-optimal
104801,137.04746662,83.683,243.555396,1.082205,0.765257,0.96818469,0.7821,0.12927,0.87073,0,1.9e-10,0.00765803,alpha-optimal
109741,138.11447237,7870.0,248.055734,0.745567,0.766563,0.96866943,0.8975,0.8667,0.1333,0,1.48e-10,0.00768926,mid-range
104789,137.04481922,64.364,243.544307,1.086708,0.768432,0.96818348,0.7818,0.12748,0.87252,0,1.89e-10,0.00769935,alpha-optimal
109751,138.11658742,7885.434,248.064717,0.749215,0.769131,0.96867038,0.8977,0.86819,0.13181,0,1.45e-10,0.00773232,mid-range
104779,137.04261284,48.263,243.535066,1.090461,0.77108,0.96818247,0.7815,0.12599,0.87401,0,1.87e-10,0.00772704,alpha-optimal
104773,137.04128892,38.602,243.529521,1.092713,0.77267,0.96818186,0.7814,0.12509,0.87491,0,1.86e-10,0.00772704,alpha-optimal
104761,137.03864088,19.278,243.518431,1.097218,0.775851,0.96818064,0.7811,0.1233,0.8767,0,1.85e-10,0.0077549,alpha-optimal
104759,137.03819951,16.057,243.516582,1.097968,0.776382,0.96818044,0.7811,0.123,0.877,0,1.83e-10,0.0077549,alpha-optimal
109789,138.12462301,7944.073,248.098847,0.763077,0.778899,0.968674,0.8986,0.87386,0.12614,0,1.42e-10,0.00780465,mid-range
109793,138.12546872,7950.244,248.102439,0.764535,0.779929,0.96867438,0.8987,0.87446,0.12554,0,1.39e-10,0.00782016,mid-range
104743,137.03466829,9.711,243.501794,1.103975,0.780628,0.96817882,0.7807,0.12062,0.87938,0,1.81e-10,0.00783762,alpha-optimal
109807,138.12842846,7971.842,248.115011,0.769641,0.783534,0.96867571,0.899,0.87655,0.12345,0,1.37e-10,0.00783599,mid-range
104729,137.03157807,32.262,243.488852,1.109231,0.784348,0.9681774,0.7803,0.11853,0.88147,1,1.79e-10,0.00786459,alpha-optimal
104723,137.03025357,41.927,243.483306,1.111483,0.785943,0.9681768,0.7802,0.11763,0.88237,0,1.78e-10,0.00787757,alpha-optimal
109819,138.13096511,7990.353,248.125787,0.774018,0.786626,0.96867685,0.8992,0.87834,0.12166,0,1.36e-10,0.00786783,mid-range
104717,137.028929,51.593,243.477759,1.113736,0.787539,0.96817619,0.78,0.11673,0.88327,0,1.77e-10,0.00787757,alpha-optimal
104711,137.02760437,61.259,243.472212,1.115989,0.789135,0.96817558,0.7799,0.11584,0.88416,0,1.76e-10,0.00790443,alpha-optimal
109829,138.13307879,8005.777,248.134765,0.777664,0.789204,0.9686778,0.8995,0.87983,0.12017,0,1.34e-10,0.00791627,mid-range
109831,138.1335015,8008.862,248.136561,0.778394,0.78972,0.96867799,0.8995,0.88013,0.11987,0,1.33e-10,0.00791627,mid-range
104707,137.02672124,67.704,243.468514,1.117491,0.7902,0.96817518,0.7798,0.11524,0.88476,0,1.75e-10,0.00791832,alpha-optimal
104701,137.02539649,77.371,243.462967,1.119744,0.791797,0.96817457,0.7797,0.11435,0.88565,0,1.74e-10,0.00791832,alpha-optimal
109841,138.13561497,8024.285,248.145539,0.78204,0.7923,0.96867894,0.8997,0.88162,0.11838,0,1.33e-10,0.00794851,mid-range
109843,138.13603764,8027.369,248.147335,0.782769,0.792816,0.96867913,0.8998,0.88192,0.11808,0,1.32e-10,0.00794851,mid-range
109847,138.13688296,8033.538,248.150926,0.784228,0.793848,0.96867951,0.8999,0.88252,0.11748,0,1.31e-10,0.00794851,mid-range
104693,137.02363005,90.261,243.45557,1.122748,0.793928,0.96817376,0.7795,0.11315,0.88685,0,1.73e-10,0.00791832,alpha-optimal
109849,138.13730562,8036.622,248.152721,0.784957,0.794365,0.9686797,0.8999,0.88282,0.11718,0,1.31e-10,0.00794851,mid-range
104683,137.02142182,106.375,243.446324,1.126503,0.796594,0.96817274,0.7792,0.11166,0.88834,0,1.72e-10,0.00794564,mid-range
109859,138.13941877,8052.042,248.161699,0.788603,0.796947,0.96868065,0.9002,0.88431,0.11569,0,1.29e-10,0.00797966,mid-range
104681,137.02098015,109.598,243.444475,1.127254,0.797127,0.96817254,0.7792,0.11136,0.88864,0,1.71e-10,0.00794564,mid-range
104677,137.02009679,116.045,243.440776,1.128756,0.798194,0.96817214,0.7791,0.11076,0.88924,0,1.7e-10,0.00797298,mid-range
109873,138.14237688,8073.629,248.174266,0.793707,0.800564,0.96868198,0.9005,0.8864,0.1136,0,1.28e-10,0.00804104,mid-range
104659,137.01612129,145.055,243.424131,1.135517,0.802997,0.96817031,0.7786,0.10808,0.89192,0,1.68e-10,0.00802693,mid-range
109883,138.14448961,8089.046,248.183242,0.797353,0.80315,0.96868293,0.9007,0.88789,0.11211,0,1.26e-10,0.0080722,mid-range
104651,137.0143542,157.95,243.416732,1.138522,0.805134,0.9681695,0.7785,0.10688,0.89312,0,1.67e-10,0.00802693,mid-range
109891,138.14617967,8101.379,248.190423,0.800269,0.805219,0.96868369,0.9009,0.88909,0.11091,0,1.25e-10,0.0080722,mid-range
109897,138.14744714,8110.628,248.195808,0.802456,0.806771,0.96868426,0.901,0.88998,0.11002,0,1.24e-10,0.0080722,mid-range
109903,138.14871455,8119.877,248.201193,0.804643,0.808324,0.96868483,0.9012,0.89088,0.10912,0,1.23e-10,0.0080722,mid-range
104639,137.01170333,177.295,243.405634,1.143029,0.808341,0.96816828,0.7782,0.10509,0.89491,0,1.65e-10,0.00805277,mid-range
109913,138.15082675,8135.291,248.210168,0.808288,0.810913,0.96868578,0.9014,0.89237,0.10763,0,1.22e-10,0.0080722,mid-range
109919,138.15209399,8144.538,248.215552,0.810475,0.812467,0.96868635,0.9015,0.89327,0.10673,0,1.21e-10,0.00810282,mid-range
104623,137.00816841,203.09,243.390835,1.14904,0.812621,0.96816666,0.7778,0.1027,0.8973,0,1.62e-10,0.0080784,mid-range
109937,138.15589532,8172.278,248.231705,0.817035,0.817132,0.96868806,0.9019,0.89595,0.10405,0,1.19e-10,0.0081339,mid-range
109943,138.1571623,8181.523,248.237089,0.819222,0.818687,0.96868863,0.9021,0.89685,0.10315,0,1.18e-10,0.00814809,mid-range
104597,137.00242311,245.016,243.366784,1.158808,0.819584,0.96816402,0.7771,0.09882,0.90118,0,1.6e-10,0.00813543,mid-range
104593,137.00153911,251.467,243.363083,1.160311,0.820656,0.96816362,0.7771,0.09822,0.90178,0,1.58e-10,0.00815149,mid-range
109961,138.16096288,8209.257,248.253239,0.825781,0.823357,0.96869034,0.9025,0.89954,0.10046,0,1.15e-10,0.00818031,mid-range
104579,136.99844484,274.047,243.35013,1.165571,0.824411,0.9681622,0.7767,0.09613,0.90387,0,1.57e-10,0.00819548,mid-range
104561,136.99446593,303.082,243.333476,1.172335,0.829243,0.96816037,0.7763,0.09345,0.90655,0,1.55e-10,0.00823676,mid-range
109987,138.16645159,8249.311,248.276564,0.835255,0.830109,0.96869281,0.903,0.90342,0.09658,0,1.12e-10,0.00819891,mid-range
104551,136.99225516,319.215,243.324222,1.176094,0.83193,0.96815935,0.776,0.09195,0.90805,0,1.53e-10,0.00826318,mid-range
104549,136.99181298,322.442,243.322371,1.176845,0.832468,0.96815915,0.776,0.09166,0.90834,0,1.53e-10,0.00826318,mid-range
104543,136.9904864,332.122,243.316819,1.1791,0.834081,0.96815854,0.7758,0.09076,0.90924,0,1.52e-10,0.0082796,mid-range
104537,136.98915975,341.803,243.311266,1.181355,0.835694,0.96815793,0.7757,0.08986,0.91014,0,1.51e-10,0.00829275,mid-range
110017,138.17278325,8295.515,248.303474,0.846184,0.837909,0.96869565,0.9037,0.9079,0.0921,0,1.1e-10,0.00823675,mid-range
104527,136.98694852,357.939,243.302012,1.185114,0.838384,0.96815692,0.7755,0.08837,0.91163,0,1.5e-10,0.00832279,mid-range
110023,138.1740494,8304.754,248.308856,0.84837,0.83947,0.96869622,0.9039,0.90879,0.09121,0,1.08e-10,0.00827048,mid-range
104513,136.98385246,380.532,243.289054,1.190377,0.842153,0.9681555,0.7751,0.08628,0.91372,0,1.48e-10,0.00836632,mid-range
110039,138.17742547,8329.391,248.323205,0.854198,0.843635,0.96869774,0.9042,0.91118,0.08882,0,1.07e-10,0.00833848,mid-range
110051,138.17995723,8347.866,248.333966,0.858568,0.846761,0.96869888,0.9045,0.91297,0.08703,0,1.05e-10,0.00841965,mid-range
104491,136.97898646,416.041,243.26869,1.198647,0.848082,0.96815326,0.7746,0.083,0.917,0,1.46e-10,0.0084741,mid-range
110059,138.18164493,8360.182,248.34114,0.861482,0.848845,0.96869963,0.9047,0.91417,0.08583,0,1.04e-10,0.00841965,mid-range
110063,138.18248873,8366.339,248.344727,0.862938,0.849888,0.96870001,0.9048,0.91476,0.08524,0,1.04e-10,0.00845706,mid-range
104479,136.97633189,435.413,243.257581,1.203159,0.851319,0.96815204,0.7743,0.08121,0.91879,0,1.44e-10,0.00853724,mid-range
110069,138.18375439,8375.575,248.350107,0.865124,0.851452,0.96870058,0.9049,0.91566,0.08434,0,1.03e-10,0.00847709,mid-range
104473,136.9750045,445.099,243.252027,1.205415,0.852938,0.96815143,0.7742,0.08031,0.91969,0,1.44e-10,0.00855407,mid-range
104471,136.97456202,448.328,243.250175,1.206167,0.853478,0.96815123,0.7741,0.08001,0.91999,0,1.43e-10,0.00855407,mid-range
110083,138.18670735,8397.124,248.36266,0.870222,0.855103,0.96870191,0.9052,0.91775,0.08225,0,1.01e-10,0.00853159,mid-range
104459,136.97190698,467.703,243.239065,1.210679,0.856718,0.96815001,0.7738,0.07822,0.92178,0,1.41e-10,0.00855407,mid-range
110119,138.1942991,8452.524,248.394934,0.883329,0.864501,0.96870532,0.906,0.92312,0.07688,0,9.9e-11,0.00866103,mid-range
110129,138.19640752,8467.909,248.403898,0.88697,0.867113,0.96870627,0.9063,0.92462,0.07538,0,9.6e-11,0.00871705,mid-range
104417,136.96261215,535.53,243.200174,1.226475,0.868075,0.96814574,0.7728,0.07195,0.92805,0,1.38e-10,0.00868725,mid-range
104399,136.95862761,564.607,243.183503,1.233245,0.87295,0.96814391,0.7724,0.06926,0.93074,0,1.36e-10,0.00870386,mid-range
104393,136.95729929,574.3,243.177946,1.235502,0.874575,0.9681433,0.7722,0.06837,0.93163,0,1.34e-10,0.00871926,mid-range
110161,138.20315327,8517.136,248.432579,0.898619,0.87548,0.9687093,0.907,0.92939,0.07061,0,9.4e-11,0.00879341,mid-range
104383,136.95508527,590.457,243.168683,1.239264,0.877286,0.96814228,0.772,0.06688,0.93312,0,1.34e-10,0.00875293,mid-range
104381,136.95464244,593.688,243.166831,1.240017,0.877829,0.96814208,0.7719,0.06658,0.93342,0,1.33e-10,0.00875293,mid-range
104369,136.95198531,613.078,243.155715,1.244531,0.881084,0.96814086,0.7716,0.06479,0.93521,0,1.32e-10,0.00880224,mid-range
110183,138.20778994,8550.971,248.452294,0.906626,0.881238,0.96871138,0.9075,0.93268,0.06732,0,9.1e-11,0.00881415,mid-range
104347,136.94711318,648.632,243.135334,1.252809,0.887056,0.96813862,0.7711,0.0615,0.9385,0,1.3e-10,0.00889838,mid-range
110221,138.21579674,8609.399,248.486341,0.920454,0.891194,0.96871498,0.9083,0.93835,0.06165,0,8.8e-11,0.0088744,mid-range
104327,136.94268316,680.959,243.116803,1.260335,0.892491,0.96813658,0.7706,0.05852,0.94148,0,1.28e-10,0.00893272,mid-range
104323,136.94179706,687.425,243.113096,1.26184,0.893579,0.96813618,0.7705,0.05792,0.94208,0,1.27e-10,0.00896704,mid-range
110233,138.21832468,8627.847,248.497092,0.92482,0.89434,0.96871611,0.9086,0.94014,0.05986,0,8.7e-11,0.00891554,mid-range
110237,138.21916727,8633.995,248.500675,0.926275,0.89539,0.96871649,0.9087,0.94074,0.05926,0,8.6e-11,0.00893645,mid-range
104311,136.93913858,706.825,243.101977,1.266357,0.896843,0.96813495,0.7702,0.05613,0.94387,0,1.26e-10,0.00901595,mid-range
104309,136.93869547,710.059,243.100123,1.267109,0.897387,0.96813475,0.7702,0.05583,0.94417,0,1.26e-10,0.00901595,mid-range
110251,138.22211612,8655.514,248.513216,0.931369,0.899063,0.96871782,0.909,0.94283,0.05717,0,8.5e-11,0.0089755,mid-range
104297,136.93603667,729.461,243.089003,1.271626,0.900654,0.96813353,0.7699,0.05404,0.94596,0,1.25e-10,0.00903095,mid-range
110261,138.22422223,8670.883,248.522173,0.935007,0.901687,0.96871876,0.9092,0.94432,0.05568,0,8.4e-11,0.00903541,mid-range
104287,136.93382078,745.631,243.079735,1.27539,0.903377,0.96813251,0.7696,0.05255,0.94745,0,1.24e-10,0.00907794,mid-range
110269,138.22590699,8683.178,248.529339,0.937917,0.903788,0.96871952,0.9094,0.94551,0.05449,0,8.3e-11,0.00905687,mid-range
110273,138.22674933,8689.324,248.532921,0.939372,0.904838,0.9687199,0.9095,0.94611,0.05389,0,8.3e-11,0.00907946,mid-range
104281,136.93249116,755.334,243.074174,1.277648,0.905011,0.9681319,0.7695,0.05165,0.94835,0,1.22e-10,0.00907794,mid-range
110281,138.22843392,8701.617,248.540086,0.942282,0.906939,0.96872065,0.9097,0.94731,0.05269,0,8.2e-11,0.00911861,mid-range
110291,138.23053951,8716.983,248.549042,0.945919,0.909566,0.9687216,0.9099,0.9488,0.0512,0,8.1e-11,0.00915983,mid-range
110311,138.23475016,8747.709,248.566952,0.953193,0.914823,0.96872349,0.9104,0.95178,0.04822,0,8e-11,0.00919496,fragile-edge
104243,136.92406859,816.796,243.03895,1.291954,0.915374,0.96812803,0.7686,0.04598,0.95402,0,1.21e-10,0.0091943,fragile-edge
104239,136.92318184,823.267,243.035242,1.29346,0.916465,0.96812762,0.7685,0.04538,0.95462,0,1.19e-10,0.0091943,fragile-edge
110321,138.23685522,8763.071,248.575907,0.95683,0.917452,0.96872443,0.9106,0.95328,0.04672,0,7.9e-11,0.00921533,fragile-edge
110323,138.23727621,8766.143,248.577697,0.957557,0.917978,0.96872462,0.9106,0.95358,0.04642,0,7.8e-11,0.00921533,fragile-edge
104233,136.92185165,832.974,243.02968,1.295719,0.918103,0.96812701,0.7683,0.04448,0.95552,0,1.19e-10,0.00920959,fragile-edge
104231,136.92140824,836.21,243.027825,1.296473,0.918649,0.9681268,0.7683,0.04419,0.95581,0,1.18e-10,0.00920959,fragile-edge
110339,138.24064389,8790.718,248.592023,0.963375,0.922187,0.96872613,0.911,0.95596,0.04404,0,7.7e-11,0.00927123,fragile-edge
104207,136.91608672,875.043,243.005573,1.30551,0.925206,0.96812436,0.7677,0.0406,0.9594,0,1.17e-10,0.00925591,fragile-edge
110359,138.24485287,8821.432,248.609928,0.970647,0.927452,0.96872802,0.9114,0.95895,0.04105,0,7.5e-11,0.00930506,fragile-edge
104183,136.91076408,913.884,242.983318,1.314549,0.93177,0.96812191,0.7671,0.03702,0.96298,0,1.15e-10,0.00934376,fragile-edge
104179,136.90987686,920.358,242.979608,1.316055,0.932865,0.9681215,0.767,0.03642,0.96358,0,1.14e-10,0.00940164,fragile-edge
104173,136.90854598,930.07,242.974044,1.318315,0.934507,0.96812089,0.7669,0.03553,0.96447,0,1.14e-10,0.00940164,fragile-edge
104161,136.905884,949.496,242.962914,1.322836,0.937792,0.96811966,0.7666,0.03374,0.96626,0,1.13e-10,0.00945477,fragile-edge
104149,136.90322174,968.923,242.951784,1.327356,0.94108,0.96811844,0.7663,0.03195,0.96805,0,1.12e-10,0.00946698,fragile-edge
104147,136.90277801,972.161,242.949929,1.328109,0.941628,0.96811824,0.7662,0.03165,0.96835,0,1.11e-10,0.00946698,fragile-edge
110419,138.25747561,8913.545,248.663632,0.992459,0.943262,0.96873369,0.9128,0.96791,0.03209,0,7.2e-11,0.00946985,fragile-edge
110431,138.25999941,8931.962,248.674371,0.99682,0.946427,0.96873482,0.9131,0.9697,0.0303,0,7e-11,0.00951138,fragile-edge
110437,138.26126121,8941.17,248.67974,0.999001,0.94801,0.96873539,0.9132,0.97059,0.02941,0,7e-11,0.00952673,fragile-edge
104123,136.89745256,1011.023,242.927666,1.337151,0.948208,0.96811579,0.7657,0.02806,0.97194,0,1.1e-10,0.00949618,fragile-edge
110441,138.26210238,8947.308,248.683319,1.000454,0.949066,0.96873576,0.9133,0.97119,0.02881,0,6.9e-11,0.00954264,fragile-edge
104119,136.89656488,1017.501,242.923955,1.338659,0.949305,0.96811538,0.7656,0.02747,0.97253,0,1.09e-10,0.00951092,fragile-edge
104113,136.8952333,1027.218,242.918388,1.340919,0.950951,0.96811477,0.7654,0.02657,0.97343,0,1.09e-10,0.00951092,fragile-edge
104107,136.89390164,1036.935,242.912822,1.34318,0.952598,0.96811415,0.7653,0.02568,0.97432,0,1.08e-10,0.00954091,fragile-edge
110459,138.26588729,8974.928,248.699425,1.006996,0.953817,0.96873746,0.9137,0.97388,0.02612,0,6.8e-11,0.00955841,fragile-edge
104089,136.88990626,1066.091,242.896121,1.349963,0.95754,0.96811232,0.7648,0.02299,0.97701,0,1.08e-10,0.00955618,fragile-edge
104087,136.88946229,1069.331,242.894265,1.350717,0.958089,0.96811211,0.7648,0.02269,0.97731,0,1.06e-10,0.00955618,fragile-edge
110477,138.26967164,9002.544,248.715529,1.013536,0.95857,0.96873916,0.9141,0.97656,0.02344,0,6.7e-11,0.00960754,fragile-edge
110479,138.27009209,9005.612,248.717318,1.014263,0.959098,0.96873935,0.9141,0.97686,0.02314,0,6.7e-11,0.00960754,fragile-edge
110491,138.27261463,9024.02,248.728053,1.018623,0.962269,0.96874048,0.9144,0.97865,0.02135,0,6.6e-11,0.0096249,fragile-edge
110501,138.27471656,9039.358,248.736998,1.022256,0.964911,0.96874142,0.9146,0.98015,0.01985,0,6.6e-11,0.00964254,fragile-edge
110503,138.27513692,9042.426,248.738787,1.022982,0.96544,0.96874161,0.9147,0.98044,0.01956,0,6.5e-11,0.00964254,fragile-edge
104059,136.88324589,1114.694,242.868282,1.36127,0.965785,0.96810925,0.7641,0.01851,0.98149,0,1.05e-10,0.00958734,fragile-edge
104053,136.88191361,1124.416,242.862713,1.363531,0.967435,0.96810864,0.764,0.01761,0.98239,0,1.05e-10,0.00958734,fragile-edge
104047,136.88058125,1134.139,242.857145,1.365793,0.969085,0.96810803,0.7638,0.01672,0.98328,0,1.04e-10,0.00958734,fragile-edge
110527,138.28018076,9079.232,248.760254,1.031701,0.971785,0.96874388,0.9152,0.98403,0.01597,0,6.4e-11,0.00969532,fragile-edge
104033,136.87747215,1156.827,242.84415,1.37107,0.972938,0.9681066,0.7635,0.01463,0.98537,0,1.03e-10,0.00961497,fragile-edge
110533,138.28144156,9088.433,248.76562,1.03388,0.973372,0.96874444,0.9153,0.98492,0.01508,0,6.3e-11,0.00969532,fragile-edge
110543,138.28354276,9103.766,248.774563,1.037512,0.976017,0.96874538,0.9156,0.98642,0.01358,0,6.2e-11,0.00971353,fragile-edge
104021,136.8748069,1176.276,242.833012,1.375594,0.976242,0.96810537,0.7632,0.01284,0.98716,0,1.02e-10,0.00964471,fragile-edge
104009,136.87214137,1195.727,242.821872,1.380118,0.979547,0.96810414,0.7629,0.01105,0.98895,0,1.02e-10,0.00964471,fragile-edge
110557,138.28648415,9125.23,248.787083,1.042597,0.979721,0.9687467,0.9159,0.98851,0.01149,0,6.2e-11,0.00971353,fragile-edge
104003,136.8708085,1205.454,242.816302,1.382381,0.9812,0.96810353,0.7627,0.01015,0.98985,0,1.01e-10,0.00965873,fragile-edge
110563,138.28774464,9134.429,248.792448,1.044776,0.981309,0.96874727,0.916,0.9894,0.0106,0,6.1e-11,0.00973109,fragile-edge
110567,138.28858493,9140.561,248.796025,1.046229,0.982368,0.96874764,0.9161,0.99,0.01,0,6.1e-11,0.00973109,fragile-edge
103997,136.86947556,1215.181,242.810732,1.384643,0.982854,0.96810292,0.7626,0.00926,0.99074,0,1.01e-10,0.00965873,fragile-edge
110569,138.28900506,9143.626,248.797813,1.046955,0.982897,0.96874783,0.9162,0.9903,0.0097,0,6.1e-11,0.00973109,fragile-edge
103993,136.8685869,1221.666,242.807018,1.386151,0.983956,0.96810251,0.7625,0.00866,0.99134,0,1e-10,0.00965873,fragile-edge
110573,138.28984531,9149.758,248.80139,1.048408,0.983956,0.96874821,0.9162,0.99089,0.00911,0,6.1e-11,0.00973109,fragile-edge
103991,136.86814255,1224.908,242.805162,1.386905,0.984508,0.9681023,0.7625,0.00836,0.99164,0,1e-10,0.00965873,fragile-edge
110581,138.29152573,9162.021,248.808543,1.051313,0.986074,0.96874896,0.9164,0.99209,0.00791,0,6e-11,0.00973109,fragile-edge
103981,136.86592071,1241.122,242.795877,1.390676,0.987265,0.96810128,0.7622,0.00687,0.99313,0,1e-10,0.00967136,fragile-edge
110587,138.29278597,9171.217,248.813908,1.053492,0.987663,0.96874953,0.9166,0.99298,0.00702,0,6e-11,0.00973109,fragile-edge
103979,136.86547632,1244.365,242.79402,1.39143,0.987817,0.96810108,0.7622,0.00657,0.99343,0,9.9e-11,0.00967136,fragile-edge
110597,138.29488623,9186.543,248.822848,1.057123,0.990312,0.96875047,0.9168,0.99448,0.00552,0,5.9e-11,0.00973109,fragile-edge
103969,136.86325425,1260.58,242.784735,1.395201,0.990575,0.96810005,0.7619,0.00508,0.99492,0,9.9e-11,0.00969812,fragile-edge
103967,136.86280981,1263.823,242.782878,1.395956,0.991127,0.96809985,0.7619,0.00478,0.99522,0,9.9e-11,0.00969812,fragile-edge
110603,138.29614631,9195.739,248.828212,1.059302,0.991901,0.96875104,0.9169,0.99537,0.00463,0,5.9e-11,0.00973109,fragile-edge
103963,136.86192091,1270.31,242.779164,1.397464,0.992231,0.96809944,0.7618,0.00418,0.99582,0,9.8e-11,0.00969812,fragile-edge
110609,138.29740632,9204.933,248.833576,1.06148,0.993491,0.9687516,0.917,0.99627,0.00373,0,5.8e-11,0.00973109,fragile-edge
103951,136.85925402,1289.771,242.76802,1.40199,0.995543,0.96809821,0.7615,0.00239,0.99761,0,nan,0.00971146,fragile-edge
110623,138.3003461,9226.386,248.846091,1.066563,0.997201,0.96875292,0.9174,0.99836,0.00164,0,5.8e-11,0.00974353,fragile-edge
110629,138.3016059,9235.579,248.851455,1.068741,0.998791,0.96875348,0.9175,0.99925,0.00075,0,nan,0.00974353,fragile-edge
