p,best_z,best_score_core,mean_score_core,min_score_core,n_s_pred,n_s_sigma
30013,12,0.16389625856175352,0.29173502196948,0.16389625856175352,0.9517325017348699,3.1351186345547823
30029,12,0.16377396097275798,0.291625981186251,0.16377396097275798,0.9517410758595991,3.1330771762859224
30047,12,0.16363645670232121,0.29150336228285295,0.16363645670232121,0.9517507144719137,3.130782268591965
30059,12,0.16354483454316043,0.2914216469004916,0.16354483454316043,0.9517571359373734,3.1292533482444163
30071,12,0.1634532502613574,0.2913399559447509,0.1634532502613574,0.9517635539856831,3.1277252415040118
30089,12,0.16331594484716208,0.2912174652811654,0.16331594484716208,0.9517731746579486,3.1254346052503195
30091,12,0.1633006939492725,0.29120385859612147,0.1633006939492725,0.951774243147837,3.1251802028959514
30097,12,0.16325494756606895,0.29116304260577414,0.16325494756606895,0.9517774480494482,3.1244171310837587
30103,12,0.1632092106480603,0.2911222327112802,0.1632092106480603,0.9517806520992866,3.1236542620746053
30109,12,0.16316348319460183,0.2910814289109385,0.16316348319460183,0.9517838552977482,3.122891595774227
30113,12,0.16313300348339554,0.2910542297621781,0.16313300348339554,0.9517859902905977,3.122383264143391
30119,12,0.16308729180276127,0.2910134361149805,0.16308729180276127,0.9517891920709777,3.1216209354815017
30133,12,0.1629806680134625,0.2909182746171194,0.1629806680134625,0.9517966595857401,3.1198429557761593
30137,12,0.16295021353537864,0.2908910917043381,0.16295021353537864,0.951798792311767,3.119335163864994
30139,12,0.1629349878731724,0.29087750126206835,0.1629349878731724,0.9517998585332502,3.119081301607086
30161,12,0.16276757496252928,0.29072805099911264,0.16276757496252928,0.9518115807467354,3.116290298396319
30169,12,0.1627067290702534,0.29067372571257205,0.1627067290702534,0.9518158405435955,3.115276061048693
30181,12,0.16261549175680937,0.2905922580332563,0.16261549175680937,0.9518222274157193,3.113755377209683
30187,12,0.16256988728499602,0.2905515333026691,0.16256988728499602,0.9518254195822077,3.112995337569596
30197,12,0.16249390084454815,0.2904836722407889,0.16249390084454815,0.951830737980195,3.111729052334515
30203,12,0.16244832158683778,0.290442963694379,0.16244832158683778,0.9518339278919304,3.1109695495403664
30211,12,0.1623875639496269,0.2903886950681846,0.1623875639496269,0.9518381797934904,3.109957192026093
30223,12,0.16229645900465065,0.2903073123401366,0.16229645900465065,0.9518445548318132,3.1084393257587615
30241,12,0.16215987247718025,0.2901852836968183,0.16215987247718025,0.9518541110639479,3.1061640323933513
30253,12,0.1620688620453357,0.2901039615475797,0.1620688620453357,0.9518604776730256,3.104648173089134
30259,12,0.16202337100360545,0.2900633095518383,0.16202337100360545,0.9518636597150303,3.1038905440404037
30269,12,0.16194757359752696,0.28999556967002166,0.16194757359752696,0.9518689612492961,3.102628273977115
30271,12,0.16193241726564037,0.28998202370976534,0.16193241726564037,0.9518700212759177,3.1023758866862603
30293,12,0.1617657668922308,0.2898330624782296,0.1617657668922308,0.9518816754090426,3.0996010930851
30307,12,0.1616597827746255,0.28973831125890004,0.1616597827746255,0.9518890858015858,3.097836713908133
30313,12,0.1616143767506195,0.28969771365645397,0.1616143767506195,0.9518922602870424,3.097080884037511
30319,12,0.16156898017022062,0.28965712208940086,0.16156898017022062,0.951895433934821,3.09632525361404
30323,12,0.16153872102946362,0.28963006439687644,0.16153872102946362,0.9518975492348212,3.0958216107568592
30341,12,0.16140260682850588,0.28950833795291636,0.16140260682850588,0.9519070634827895,3.0935563136215363
30347,12,0.16135725431101833,0.2894677745291425,0.16135725431101833,0.9519102332265137,3.092801612734831
30367,12,0.16120614743120443,0.28933260662855387,0.16120614743120443,0.9519207930069992,3.090287379285908
30389,12,0.1610400509930979,0.28918399919897614,0.1610400509930979,0.9519323980604297,3.08752427132625
30391,12,0.16102495760849886,0.2891704934435318,0.16102495760849886,0.9519334525098041,3.0872732119513997
30403,12,0.1609344193190467,0.28908947294128456,0.1609344193190467,0.9519397772636506,3.0857673181784135
30427,12,0.1607534559632664,0.28892750405169665,0.1607534559632664,0.9519524167915648,3.082757906770272
30431,12,0.16072331007927823,0.288900518579334,0.16072331007927823,0.9519545220871982,3.0822566459051814
30449,12,0.16058770548195003,0.28877911696338493,0.16058770548195003,0.9519639913535302,3.080002058683291
30469,12,0.16043713326377157,0.28864428959073835,0.16043713326377157,0.951974504010731,3.077499045064037
30491,12,0.16027162484273047,0.28849605638493886,0.16027162484273047,0.95198605731198,3.0747482590523645
30493,12,0.16025658490854763,0.28848258463132814,0.16025658490854763,0.9519871070609378,3.0744983188243267
30497,12,0.16022650818289008,0.2884556431194507,0.16022650818289008,0.9519892062834722,3.0739985039351936
30517,12,0.16007618740421412,0.28832097545134927,0.16007618740421412,0.9519996968921719,3.0715007399590672
30529,12,0.1599860452117002,0.28824020674625667,0.1599860452117002,0.9520059868582531,3.0700031289873513
30539,12,0.15991095551784226,0.28817291775410986,0.15991095551784226,0.9520112259790107,3.06875571928317
30557,12,0.15977586003974947,0.2880518393799616,0.15977586003974947,0.9520206506345548,3.0665117536774322
30559,12,0.15976085466643528,0.28803838954417715,0.15976085466643528,0.9520216973615662,3.0662625329604323
30593,12,0.15950592349947218,0.28780984375095586,0.15950592349947218,0.9520394777576541,3.062029105320454
30631,12,0.1592213584104772,0.2875546366595381,0.1592213584104772,0.9520593188120681,3.0573050447456938
30643,12,0.15913157423859303,0.28747409454265793,0.15913157423859303,0.952065577590975,3.055814859291665
30649,12,0.1590866962785105,0.2874338324040935,0.1590866962785105,0.9520687057550723,3.0550700583161152
30671,12,0.15892222432016798,0.28728625540878094,0.15892222432016798,0.9520801687081177,3.052340783781487
30677,12,0.1588773903011956,0.2872460209974474,0.1588773903011956,0.952083293065505,3.0515968891654746
30697,12,0.15872801156498567,0.28711194916282334,0.15872801156498567,0.9520937017084962,3.0491186408342417
30707,12,0.15865336142075584,0.28704493796491115,0.15865336142075584,0.9520989026398364,3.047880323848464
30727,12,0.15850413957113643,0.28691096497131297,0.15850413957113643,0.952109297730789,3.0454053021930894
30763,12,0.15823580375776714,0.2866699794125413,0.15823580375776714,0.9521279861794764,3.040955671553243
30781,12,0.1581017628830754,0.2865495664995374,0.1581017628830754,0.9521373194724155,3.038733458948678
30809,12,0.157893423157277,0.2863623632272537,0.157893423157277,0.9521518234728574,3.0352801255101314
30829,12,0.15774473449270165,0.2862287253130626,0.15774473449270165,0.9521621727170244,3.0328160197560874
30841,12,0.15765557145809916,0.2861485740203994,0.15765557145809916,0.9521683779675767,3.031338579148401
30853,12,0.1575664460433974,0.28606844630442674,0.1575664460433974,0.9521745799997422,3.0298619048232815
30869,12,0.1574476706725291,0.28596164600319535,0.1574476706725291,0.95218284437463,3.02789419651667
30881,12,0.15735863302765424,0.2858815732512579,0.15735863302765424,0.9521890389085758,3.026419307481958
30911,12,0.1571362034603777,0.28568149431170836,0.1571362034603777,0.9522045112118765,3.0227354257436745
30941,12,0.15691400892740692,0.2854815622755905,0.15691400892740692,0.9522199635063769,3.019056308005485
30971,12,0.15669204939281592,0.28528177695085455,0.15669204939281592,0.952235395837315,3.0153819434964286
31013,12,0.1563817007766942,0.28500232360719574,0.1563817007766942,0.952256967647671,3.010245798173571
31033,12,0.1562340775596718,0.28486935137076014,0.1562340775596718,0.9522672262524738,3.0078032732205093
31063,12,0.15601283848001388,0.2846700147709893,0.15601283848001388,0.9522825976423711,3.0041434184830647
31081,12,0.15588020777122236,0.28455048287334644,0.15588020777122236,0.952291810978534,3.0019497670157116
31123,12,0.15557106490057548,0.28427177919644997,0.15557106490057548,0.9523132811233956,2.996837827762939
31147,12,0.15539461847382566,0.2841126480798039,0.15539461847382566,0.9523255324406442,2.993920847465658
31159,12,0.1553064516122323,0.2840331174263448,0.1553064516122323,0.9523316533802152,2.99246348090114
31183,12,0.15513023058508726,0.2838741258694343,0.15513023058508726,0.952343885835378,2.9895509915766643
31219,12,0.15486618076317638,0.2836358127304738,0.15486618076317638,0.9523622110004486,2.9851878570360433
31247,12,0.15466104238147807,0.28345060240479836,0.15466104238147807,0.9523764444384069,2.9817989432364587
31259,12,0.15457318852655477,0.2833712651712599,0.15457318852655477,0.952382539278411,2.980347790854522
31277,12,0.15444147815933504,0.28325230273317925,0.15444147815933504,0.9523916756914244,2.978172454422768
31327,12,0.15407605935494706,0.2829221245441189,0.15407605935494706,0.9524170178752104,2.9721386011403808
31357,12,0.15385712098688212,0.2827242100904591,0.15385712098688212,0.952432197313547,2.968524449155471
31393,12,0.1535947047080128,0.28248690297116397,0.1535947047080128,0.9524503870999749,2.964193547625026
31481,12,0.1529546651987384,0.2819076906499017,0.1529546651987384,0.9524947341760471,2.9536347199887736
31517,12,0.15269341275361611,0.2816710959856356,0.15269341275361611,0.9525128285497985,2.949326535762266
31543,12,0.1525049405546815,0.2815003502888956,0.1525049405546815,0.9525258795790458,2.9462191478462394
31601,12,0.1520851376240437,0.28111984294708087,0.1520851376240437,0.9525549417952318,2.9392995725638493
31649,12,0.15173837771544776,0.28080534364492177,0.15173837771544776,0.9525789395526617,2.933585820794827
31687,12,0.15146428543578438,0.28055662357443506,0.15146428543578438,0.9525979033876192,2.9290706219954283
31727,12,0.15117617394815003,0.2802950593849074,0.15117617394815003,0.9526178325883631,2.9243255741992624
31771,12,0.15085973311680637,0.28000763019515157,0.15085973311680637,0.9526397160516371,2.9191152258006836
31849,12,0.15030001041222027,0.2794988452978537,0.15030001041222027,0.952678410327188,2.9099023030504645
31891,12,0.1499992783871413,0.279225279844073,0.1499992783871413,0.9526991934103084,2.904953949926567
31981,12,0.1493564018071672,0.2786399981308803,0.1493564018071672,0.9527436059492617,2.8943795358900757
32029,12,0.14901439823568216,0.2783283651741221,0.14901439823568216,0.9527672245551642,2.888756058294243
32069,12,0.14872985444670292,0.2780689452849963,0.14872985444670292,0.9527868707044228,2.884078403708851
32119,12,0.1483747618410735,0.2777450203800036,0.1483747618410735,0.9528113824936914,2.878242263406817
32183,12,0.1479211954436641,0.27733096275393393,0.1479211954436641,0.952842683446239,2.870789655657373
32237,12,0.14753933056372912,0.2769820950893744,0.14753933056372912,0.9528690291389867,2.864516871669818
32299,12,0.14710183219958686,0.276582098987546,0.14710183219958686,0.9528992054284713,2.8573320408401655
32341,12,0.14680603285369093,0.27631147067547573,0.14680603285369093,0.9529196035850113,2.852475336902075
32377,12,0.14655285741673368,0.2760797196694709,0.14655285741673368,0.9529370596273029,2.848319136356446
32441,12,0.1461036041473788,0.27566820956678945,0.1461036041473788,0.9529680287823799,2.840945528004793
32503,12,0.14566941133904296,0.2752701580849162,0.14566941133904296,0.9529979525666183,2.833820817471818
32569,12,0.14520831104204432,0.2748470719842558,0.14520831104204432,0.9530297234013685,2.826256333007498
32611,12,0.14491547712068345,0.27457818155835906,0.14491547712068345,0.9530498965447026,2.821453203642228
32707,12,0.14424787692392513,0.2739645833776389,0.14424787692392513,0.9530958767825508,2.810505527964088
32783,12,0.14372107260967257,0.273479810627294,0.14372107260967257,0.9531321503753626,2.801868958246999
32843,12,0.1433062442453632,0.27309771307176794,0.1433062442453632,0.9531607083141427,2.795069449013643
32939,12,0.14264448373872327,0.27248748757846236,0.14264448373872327,0.9532062566254237,2.7842246129943558
32999,12,0.142232112406673,0.27210680142421156,0.142232112406673,0.9532346345355187,2.777467967733636
33073,12,0.14172482420274105,0.27163803308729323,0.14172482420274105,0.9532695393550265,2.769157296422269
33161,12,0.1411234376414982,0.27108164650130867,0.1411234376414982,0.9533109124893558,2.759306550153366
33247,12,0.14053768919721962,0.2705390224685678,0.14053768919721962,0.9533512041307216,2.7497133022091362
33347,12,0.13985903828358576,0.2699094487687498,0.13985903828358576,0.9533978804967984,2.7385998817146593
33427,12,0.13931801816486725,0.2694068583724165,0.13931801816486725,0.9534350874223301,2.729741089921406
33529,12,0.13863067110369454,0.2687674287387447,0.13863067110369454,0.9534823544208592,2.718487042652577
33599,12,0.138160555715575,0.2683294925058479,0.138160555715575,0.9535146817634714,2.710790056316322
33679,12,0.13762487122104305,0.26782987653366647,0.13762487122104305,0.9535515175154877,2.702019639169585
33769,12,0.13702425644220007,0.2672689308637424,0.13702425644220007,0.9535928185383201,2.692186062304729
33871,12,0.1363461625787974,0.26663462470006893,0.1363461625787974,0.953639449304413,2.681083498949276
33997,12,0.1355123428535323,0.26585316380403246,0.1355123428535323,0.9536967941760529,2.667429958082636
34147,12,0.13452522689094978,0.2649258584139487,0.13452522689094978,0.9537646935106737,2.6512634498395853
34259,12,0.13379210780718623,0.26423559178958783,0.13379210780718623,0.9538151328857055,2.6392540748320146
34351,12,0.133192421147834,0.2636699389240651,0.133192421147834,0.9538564010361429,2.6294283247278796
34471,12,0.132413642947783,0.2629339572589596,0.132413642947783,0.9539100081233683,2.6166647325313415
34589,12,0.13165163146786618,0.26221225154766326,0.13165163146786618,0.9539624796739227,2.6041715062088837
34693,12,0.13098315008428968,0.2615778184750068,0.13098315008428968,0.9540085282943505,2.593207548964173
34843,12,0.1300241622046385,0.26066547813897645,0.1300241622046385,0.9540746213807063,2.577471099831826
34981,12,0.12914730279824235,0.25982893872721774,0.12914730279824235,0.9541350928236695,2.5630731372215467
35117,12,0.12828824299044414,0.25900715081684544,0.12828824299044414,0.9541943774725156,2.5489577446391465
35279,12,0.12727157462012634,0.2580316472120589,0.12727157462012634,0.9542645976994789,2.532238642981207
35419,12,0.1263987983126011,0.25719157756009103,0.1263987983126011,0.9543249364176557,2.517872281510543
35543,12,0.12563029851432625,0.25644979783479455,0.12563029851432625,0.9543781143248464,2.5052108750365605
35771,12,0.124228416595894,0.2550914516707361,0.124228416595894,0.9544752504447862,2.4820832274318514
35923,12,0.12330191012680645,0.254189880808535,0.12330191012680645,0.9545395504265906,2.466773707954625
36073,12,0.1223939716851522,0.2533032914317299,0.1223939716851522,0.9546026497076082,2.451750069617086
36263,12,0.12125306457062254,0.2521847089804952,0.12125306457062254,0.954682075063021,2.4328392707092688
36457,12,0.12009875871621106,0.25104766687140667,0.12009875871621106,0.9547626020601054,2.4136661761653677
36599,12,0.1192607028530399,0.2502186463945629,0.1192607028530399,0.9548211832255209,2.399718279637877
36767,12,0.11827672614596266,0.24924136603227495,0.11827672614596266,0.9548901003802471,2.383309433274488
36923,12,0.11737038467883669,0.24833730936358425,0.11737038467883669,0.9549537199699752,2.368161911910651
37117,12,0.11625321621080159,0.2472176104596689,0.11625321621080159,0.9550323384653226,2.3494432225422215
37321,12,0.11509045476856782,0.24604564961029318,0.11509045476856782,0.9551144206542158,2.3298998442343257
37517,12,0.11398497687589364,0.24492489719283544,0.11398497687589364,0.9551927223890367,2.3112565740388664
37691,12,0.11301326482251825,0.24393424076100026,0.11301326482251825,0.9552617794990185,2.2948144049955976
37957,12,0.11154555534367537,0.24242757633178702,0.11154555534367537,0.9553665320204687,2.269873328459822
38197,12,0.11023996479490014,0.24107623452661048,0.11023996479490014,0.9554602090657568,2.2475692700579017
38447,12,0.10889904020107578,0.23967668577470713,0.10889904020107578,0.9555569584449276,2.2245337035886603
38677,12,0.10768279050450762,0.2383963798602398,0.10768279050450762,0.9556452299319366,2.203516682872241
38903,12,0.10650414439263906,0.23714511851765874,0.10650414439263906,0.955731287152444,2.1830268684656997
39139,12,0.10529097510278626,0.23584564818141143,0.10529097510278626,0.9558204436241521,2.1617991371066423
39371,12,0.1041161551510955,0.23457531652307326,0.1041161551510955,0.9559073930356137,2.141096896282454
39659,12,0.10268265248388203,0.2330081490272808,0.10268265248388203,0.956014384590962,2.115622716437615
39883,12,0.10158705150930886,0.23179673305224002,0.10158705150930886,0.9560968865878804,2.0959793838379976
40169,12,0.10021320391462832,0.23025953292289492,0.10021320391462832,0.9562013303861086,2.071111812831293
40499,12,0.09866343894497362,0.22849909689229905,0.09866343894497362,0.9563206172591336,2.042710176396747
40823,12,0.0971795235744859,0.22678448286029987,0.0971795235744859,0.9564364810806705,2.015123552221311
41113,12,0.09588361698013712,0.22526140777261566,0.09588361698013712,0.956539151295976,1.990678262862853
41387,12,0.09468776394441547,0.22383244707351846,0.09468776394441547,0.9566352736608866,1.9677919855031782
41669,12,0.09348649471895994,0.22237200485303374,0.09348649471895994,0.9567333205203858,1.944447495146223
41981,12,0.09219295227359914,0.22076831711570544,0.09219295227359914,0.9568407721809801,1.918863766433312
42293,12,0.09093745533198463,0.21917738611882226,0.09093745533198463,0.95694716431873,1.8935323050642934
42577,12,0.0898283546783494,0.21774034709358633,0.0898283546783494,0.9570431025978239,1.8706898576609763
42901,12,0.08860306219252756,0.2161138802672217,0.08860306219252756,0.9571515166993017,1.8448769763567447
43313,12,0.08710790483153338,0.21406569378450893,0.08710790483153338,0.9572878102472462,1.8124261316080466
43717,12,0.08571181432144773,0.21207915573218744,0.08571181432144773,0.9574197890663892,1.7810026032406505
44089,12,0.08448910217042756,0.21026922065891007,0.08448910217042756,0.957539884010008,1.7524085690457092
44507,12,0.08318869705634936,0.20825762197567724,0.08318869705634936,0.9576732277014448,1.7206600710845652
44879,12,0.08209822201199475,0.20648721647541518,0.08209822201199475,0.9577905005572717,1.6927379625543615
45317,12,0.08089667816294223,0.2044267872993805,0.08089667816294223,0.9579269294587464,1.6602548907746724
45763,12,0.07976662333894843,0.2023556655218174,0.07976662333894843,0.9580640553808905,1.627605861692744
46229,12,0.07868860505949436,0.20022092371453845,0.07868860505949436,0.9582054398197786,1.5939429000527165
46679,12,0.07774896815685294,0.1981880655791402,0.07774896815685294,0.9583401778870964,1.5618624078341963
47149,12,0.07687550686338743,0.19609507342784696,0.07687550686338743,0.9584790676472882,1.528793417312332
47629,12,0.07609866463237748,0.19398964984244105,0.07609866463237748,0.9586190200284043,1.495471421808503
48119,12,0.0754267861408805,0.1918740648456478,0.0754267861408805,0.9587599615734872,1.4619139110744725
48623,12,0.0748640620864864,0.1897338021424457,0.0748640620864864,0.9589029474795159,1.4278696477343102
49121,12,0.07443600218499609,0.18765487104931647,0.07443600218499609,0.9590423032777324,1.3946896957779875
49633,12,0.07412804198099275,0.1855548611466242,0.07412804198099275,0.959183626354914,1.3610413440680778
50129,11,0.07293416017514237,0.18355677503336468,0.07293416017514237,0.9593186916314297,1.3288829448976887
50753,11,0.07116696711970459,0.18109400310988538,0.07116696711970459,0.9594861030048415,1.2890230940853535
51347,11,0.06963097171854501,0.178802542031663,0.06963097171854501,0.9596429356291184,1.2516819930670433
51869,11,0.0684032505716251,0.17683151652218204,0.0684032505716251,0.9597787743432629,1.219339442080266
52529,11,0.06701999216856644,0.17439660491274855,0.06701999216856644,0.9599479378564924,1.1790624151208642
53129,11,0.06593110867854475,0.17223842452536997,0.06593110867854475,0.9600992818989599,1.1430281192952625
53783,11,0.06493187956393016,0.16994593709125974,0.06493187956393016,0.9602616725046489,1.1043636893693074
54449,11,0.0641193092592822,0.16767537426333115,0.0641193092592822,0.960424359127153,1.0656287792492904
55127,11,0.06350712408097657,0.1654298521078079,0.06350712408097657,0.960587274121228,1.0268394949457051
55829,11,0.0631026207248926,0.16317444251686142,0.0631026207248926,0.9607531647051151,0.9873417368773595
56519,10,0.06289662290497185,0.161025975717771,0.06289662290497185,0.9609135312562836,0.9491592246943648
57191,10,0.060952881590888394,0.15899805648985854,0.060952881590888394,0.9610672247880665,0.9125655266508289
57943,10,0.058960084633045716,0.1568032966398632,0.058960084633045716,0.9612363854289234,0.8722891835896563
58711,10,0.057136610102886544,0.1546420589378992,0.057136610102886544,0.9614061504190269,0.8318689478507373
59471,10,0.05555588323612789,0.15258195327678356,0.05555588323612789,0.9615712570275537,0.7925578505824359
60343,10,0.054032200578410725,0.15031300406706224,0.054032200578410725,0.9617572636136482,0.7482705681789913
61283,10,0.05275416577261981,0.14797839775589783,0.05275416577261981,0.9619538029135586,0.7014754967717604
62131,10,0.051937631328723095,0.1459693063773004,0.051937631328723095,0.9621276886309952,0.660074135477333
99761,6,0.022009160692468326,0.123030575185116,0.022009160692468326,0.9676576930574152,0.6565935850988678
99767,6,0.02199144755328522,0.12303418014208473,0.02199144755328522,0.9676583414272233,0.6567479588626929
99787,6,0.021932410875124434,0.12304620037220078,0.021932410875124434,0.9676605022844844,0.6572624486867701
99793,6,0.02191470200964543,0.12304980755019573,0.02191470200964543,0.967661150429061,0.6574167688240474
99809,6,0.02186748319916925,0.12305942918464026,0.02186748319916925,0.9676628785606064,0.657828228715814
99817,6,0.02184387643152952,0.12306424135820797,0.02184387643152952,0.9676637424878701,0.6580339256833683
99823,6,0.021826172510899383,0.12306785108024268,0.021826172510899383,0.9676643903727344,0.6581881839843953
99829,6,0.02180846958101586,0.12307146130870761,0.02180846958101586,0.9676650382056782,0.6583424299233795
99833,6,0.021796668178469997,0.12307386840864555,0.021796668178469997,0.9676654700654661,0.6584452536824107
99839,6,0.02177896690115929,0.12307747947941299,0.02177896690115929,0.9676661178118916,0.6585994790218148
99859,6,0.02171996981377488,0.12308952002001966,0.02171996981377488,0.9676682765918423,0.6591134742481695
99871,6,0.02168457686317083,0.1230967470221877,0.02168457686317083,0.9676695715831184,0.6594218055043841
99877,6,0.021666881880938786,0.12310036127395518,0.021666881880938786,0.9676702190009592,0.6595759526093323
99881,6,0.021655085779523076,0.12310277105264202,0.021655085779523076,0.9676706505840442,0.6596787104867246
99901,6,0.021596111920172707,0.12311482326767557,0.021596111920172707,0.9676728081538438,0.6601924175818672
99907,6,0.021578421925121292,0.12311844000895421,0.021578421925121292,0.9676734553124816,0.6603465029718172
99929,6,0.021513567164311423,0.12313170562822845,0.021513567164311423,0.9676758277842034,0.6609113771912803
99961,6,0.021419257014118554,0.12315101289333312,0.021419257014118554,0.9676792774092463,0.661732716487221
99971,6,0.02138979095029442,0.12315704927091754,0.02138979095029442,0.9676803551151251,0.6619893131250211
99991,6,0.021330867209971936,0.12316912608675894,0.021330867209971936,0.9676825100957374,0.6625024037469949
100003,6,0.021295518341818347,0.12317637476603224,0.021295518341818347,0.967683802808262,0.6628101924433502
100043,6,0.021177717978146486,0.12320055097491206,0.021177717978146486,0.9676881103566993,0.6638357992141303
100049,6,0.021160051806078644,0.12320417924777609,0.021160051806078644,0.9676887562909033,0.6639895930722287
100069,6,0.021101171898649927,0.12321627694149954,0.021101171898649927,0.9676909090319483,0.6645021504638907
100109,6,0.020983446011765196,0.123240488170728,0.020983446011765196,0.9676952127935298,0.6655268556023307
100151,6,0.020859882707178146,0.12326593250804838,0.020859882707178146,0.9676997292762164,0.6666022086229552
100183,6,0.020765772992244014,0.123285334031532,0.020765772992244014,0.96770316871116,0.667421121704772
100193,6,0.020736369713157045,0.12329139971415146,0.020736369713157045,0.9677042432341918,0.6676769605218611
100237,6,0.020607029383818653,0.12331810392582764,0.020607029383818653,0.9677089694373268,0.6688022469825669
100279,6,0.020483620199887767,0.12334361725715501,0.020483620199887767,0.9677134782333549,0.669875769846398
100313,6,0.020383754940790613,0.12336428717158386,0.020383754940790613,0.9677171263673154,0.6707443731703474
100357,6,0.020254567490205048,0.12339105787923149,0.020254567490205048,0.9677218450352757,0.6718678655418373
100379,6,0.02018999498558854,0.12340445222174988,0.02018999498558854,0.9677242033349677,0.6724293654684976
100411,6,0.020096096704833488,0.12342394552122092,0.020096096704833488,0.9677276323591112,0.6732457997883833
100469,6,0.019925983068117097,0.12345930894301348,0.019925983068117097,0.9677338437531076,0.6747247031208522
100511,6,0.01980285965369235,0.12348494229338294,0.01980285965369235,0.9677383386752774,0.6757949226850918
100547,6,0.019697367227655627,0.12350693052406463,0.019697367227655627,0.9677421894729058,0.6767117792632906
100613,6,0.019504065655793764,0.12354728212198586,0.019504065655793764,0.9677492444962601,0.6783915467285994
100693,6,0.019269937877441915,0.12359626141443093,0.019269937877441915,0.9677577877714398,0.6804256598666326
100747,6,0.019112012481513792,0.12362936416234485,0.019112012481513792,0.9677635493677276,0.6817974685065694
100823,6,0.018889900119869987,0.12367600940858693,0.018889900119869987,0.9677716513090795,0.6837265021617893
100931,6,0.018574578476824293,0.12374240609425104,0.018574578476824293,0.9677831505969665,0.6864644278491745
101009,6,0.018347077098763653,0.12379043924941872,0.018347077098763653,0.9677914454398758,0.688439390446631
101107,6,0.018061521137531098,0.12385088213424501,0.018061521137531098,0.9678018550676637,0.6909178732532659
101161,6,0.017904308657279894,0.12388423134105192,0.017904308657279894,0.9678075852380267,0.6922821995301667
101267,6,0.01759598923369554,0.12394978416098658,0.01759598923369554,0.9678188214988869,0.6949574997349743
101347,6,0.017363547431296922,0.12399933561999794,0.017363547431296922,0.967827291317051,0.696974123107393
101467,6,0.01701529995329086,0.12407378621948319,0.01701529995329086,0.9678399793437183,0.6999950818377069
101537,6,0.016812390183114433,0.12411728331658195,0.016812390183114433,0.9678473714568501,0.701755108773831
101681,6,0.016395533165182396,0.12420691755119323,0.016395533165182396,0.9678625567450893,0.7053706535926841
101807,6,0.016031415425762995,0.12428551599755754,0.016031415425762995,0.967875820369813,0.7085286594792932
101939,6,0.015650613243272344,0.124368023807973,0.015650613243272344,0.9678896921405523,0.7118314620362705
102071,6,0.015270504480014007,0.12445070040680087,0.015270504480014007,0.9679035399820162,0.715128567146712
102203,6,0.014891115636709886,0.12453354451920427,0.014891115636709886,0.9679173639663492,0.7184199919879091
102397,6,0.014334897748802766,0.12465560263319081,0.014334897748802766,0.9679376378877491,0.7232471161307462
102563,6,0.013860323320828196,0.12476032934538915,0.013860323320828196,0.9679549450587406,0.7273678711287141
102797,6,0.013193637969728307,0.12490840482063512,0.013193637969728307,0.9679792785826906,0.7331615673072944
103067,6,0.012428024792994926,0.1250799227639696,0.012428024792994926,0.9680072641172831,0.7398247898293158
103357,6,0.011610574123742915,0.12526495999019327,0.011610574123742915,0.9680372139813133,0.7469557098364954
103591,6,0.010955161915559005,0.12541491052552445,0.010955161915559005,0.9680612988619904,0.7526902052358234
103919,6,0.010043821817315227,0.12562614036664443,0.010043821817315227,0.9680949370322453,0.7606992933917311
104161,6,0.009377924577395589,0.12578284240137103,0.009377924577395589,0.9681196648172938,0.7665868612604416
104231,6,0.009186494080037595,0.12582831744551526,0.009186494080037595,0.968126803202945,0.7682864768916654
104233,6,0.00918103304554314,0.1258296177578256,0.00918103304554314,0.9681270070628911,0.7683350149740812
104239,6,0.00916465279898305,0.12583351904105877,0.00916465279898305,0.968127618611438,0.7684806217709654
104243,6,0.009153735022485489,0.1258361201857283,0.009153735022485489,0.9681280262843954,0.7685776867608206
104281,6,0.009050112572690096,0.12586084269495013,0.009050112572690096,0.9681318981375087,0.7694995565496863
104287,6,0.00903376727688476,0.12586474818985202,0.00903376727688476,0.9681325093107718,0.7696450739932837
104297,6,0.009006535035258638,0.12587125853556075,0.009006535035258638,0.9681335278286974,0.7698875782612995
104309,6,0.00897387282696001,0.12587907291971417,0.00897387282696001,0.9681347498783481,0.7701785424638461
104311,6,0.008968430884348485,0.12588037552684392,0.008968430884348485,0.9681349535350655,0.7702270321584601
104323,6,0.008935789851705555,0.12588819243420063,0.008935789851705555,0.9681361753660453,0.7705179442965163
104327,6,0.008924913573087133,0.1258907985533157,0.008924913573087133,0.9681365826013967,0.770614905094452
104347,6,0.008870562956032606,0.1259038327979349,0.008870562956032606,0.9681386184659224,0.7710996347434377
104369,6,0.008810837231850114,0.12591817755175672,0.008810837231850114,0.9681408573160624,0.7716326943005678
104381,6,0.008778286412289598,0.1259260051231223,0.008778286412289598,0.9681420782418493,0.7719233909165001
104383,6,0.008772863135646944,0.12592730993670997,0.008772863135646944,0.9681422817112854,0.771971836020328
104393,6,0.008745754774125664,0.12593383494478178,0.008745754774125664,0.9681432989805013,0.7722140429765125
104399,6,0.008729496205123347,0.12593775070433913,0.008729496205123347,0.9681439092796675,0.7723593523017991
104417,6,0.008680749776229672,0.1259495014016516,0.008680749776229672,0.968145739896602,0.7727952134766762
104459,6,0.008567181938682163,0.12597693989773642,0.008567181938682163,0.9681500097002957,0.7738118334037534
104471,6,0.008534779557382906,0.12598478473782795,0.008534779557382906,0.9681512292237943,0.774102196141496
104473,6,0.008529381159675152,0.1259860924414612,0.008529381159675152,0.9681514324595523,0.7741505856076867
104479,6,0.008513189412424769,0.1259900159487448,0.008513189412424769,0.968152042135702,0.7742957465957313
104491,6,0.008480821509381573,0.12599786475436273,0.008480821509381573,0.9681532613479636,0.7745860352294441
104513,6,0.008421534942926077,0.12601226048509037,0.008421534942926077,0.9681554960856418,0.775118115628999
104527,6,0.008383844400162451,0.1260214256607244,0.008383844400162451,0.968156917864896,0.775456634499051
104537,6,0.008356940560320174,0.12602797426113402,0.008356940560320174,0.9681579332660636,0.7756983966818111
104543,6,0.008340805507338558,0.12603190424515612,0.008340805507338558,0.9681585424446011,0.7758434391907403
104549,6,0.008324675926114253,0.12603583484991657,0.008324675926114253,0.9681591515765238,0.7759884706009021
104551,6,0.008319300619767087,0.12603714518985953,0.008319300619767087,0.9681593546101402,0.7760368119381581
104561,6,0.0082924332899369,0.12604369793127126,0.0082924332899369,0.9681603697005501,0.776278500130977
104579,6,0.008244111073025058,0.12605549726945803,0.008244111073025058,0.9681621965371352,0.7767134612226715
104593,6,0.008206562187317324,0.12606467848285263,0.008206562187317324,0.9681636171202119,0.7770516952885591
104597,6,0.008195839626978665,0.12606730232659522,0.008195839626978665,0.9681640229545249,0.7771483225059241
104623,6,0.00812620543818477,0.12608436431140235,0.00812620543818477,0.9681666603732564,0.7777762793467625
104639,6,0.008083408153607384,0.1260948700880789,0.008083408153607384,0.968168282965841,0.7781626109145309
104651,6,0.008051337881223815,0.12610275250486389,0.008051337881223815,0.9681694996932031,0.7784523079055037
104659,6,0.008029971024740063,0.12610800893021643,0.008029971024740063,0.9681703107414358,0.7786454146275715
104677,6,0.007981935009765993,0.12611984025680228,0.007981935009765993,0.9681721352977691,0.7790798328021791
104681,6,0.007971267816211549,0.12612247026784945,0.007971267816211549,0.9681725406979227,0.7791763566482643
104683,6,0.007965935246179485,0.1261237853868278,0.007965935246179485,0.9681727433902542,0.7792246167271869
104693,6,0.007939282712198391,0.12613036212053294,0.007939282712198391,0.9681737567744668,0.7794658986825811
104701,6,0.007917973138078849,0.1261356248805239,0.007917973138078849,0.9681745673889176,0.7796589021232444
104707,6,0.007901998273760544,0.12613957275600465,0.007901998273760544,0.9681751752955624,0.7798036418005779
104711,6,0.007891351866885832,0.1261422050581994,0.007891351866885832,0.968175580540856,0.7799001287752313
104717,6,0.007875387535747314,0.12614615409151017,0.007875387535747314,0.9681761883700967,0.7800448500230212
104723,6,0.007859429570031247,0.12615010382351166,0.007859429570031247,0.9681767961529031,0.7801895602150252
104729,6,0.007843478004195634,0.12615405425722798,0.007843478004195634,0.9681774038892815,0.7803342593527499
104743,6,0.0078062827678927575,0.12616327468196203,0.0078062827678927575,0.968178821760313,0.7806718476935768
104759,6,0.007763817398002634,0.12617381705910574,0.007763817398002634,0.9681804418749715,0.7810575892789435
104761,6,0.0077585125188881195,0.12617513521520604,0.0077585125188881195,0.9681806443661061,0.7811058014538308
104773,6,0.007726698748335776,0.12618304583933757,0.007726698748335776,0.968181859204681,0.7813950487335829
104779,6,0.007710801891095166,0.12618700224162163,0.007710801891095166,0.968182466554401,0.7815396558097641
104789,6,0.007684322113324898,0.12619359787183415,0.007684322113324898,0.9681834787008926,0.7817806430696734
104801,6,0.007652571317965608,0.12620151533050425,0.007652571317965608,0.9681846931066993,0.7820697873093623
104803,6,0.007647282183308421,0.12620283519529982,0.007647282183308421,0.9681848954896417,0.7821179737242205
104827,6,0.007583872652994463,0.12621868006102277,0.007583872652994463,0.9681873236833572,0.782696115085064
104831,6,0.007573315283629807,0.12622132204544442,0.007573315283629807,0.9681877283102449,0.7827924548202216
104849,6,0.007525846166970841,0.12623321517356606,0.007525846166970841,0.9681895488765255,0.7832259229822738
104851,6,0.007520575794472856,0.12623453705894383,0.007520575794472856,0.9681897511359437,0.7832740799866105
104869,6,0.00747317863688285,0.1262464379057083,0.00747317863688285,0.9681915712392557,0.7837074379180285
104879,6,0.007446875302947869,0.1262530525275248,0.007446875302947869,0.9681925822277844,0.783948149472474
104891,6,0.007415338441021819,0.1262609929705788,0.007415338441021819,0.9681937952443757,0.7842369629465893
104911,6,0.007362843684956688,0.12627423414386102,0.007362843684956688,0.9681958165275665,0.7847182208491661
104917,6,0.007347111710823433,0.12627820824451136,0.007347111710823433,0.9681964228123395,0.7848625743665596
104933,6,0.0073051974099544266,0.12628880983684812,0.0073051974099544266,0.9681980393457479,0.7852474632733107
104947,6,0.00726856782376103,0.1262980910384739,0.00726856782376103,0.9681994535429093,0.7855841768831622
104953,6,0.007252882561684232,0.12630207008369515,0.007252882561684232,0.9682000595504073,0.785728464382703
104959,6,0.0072372052459862245,0.12630604996731343,0.0072372052459862245,0.9682006655117145,0.7858727408844012
104971,6,0.007205874642153005,0.12631401226648825,0.007205874642153005,0.9682018772957807,0.7861612609001635
104987,6,0.007164150899859471,0.12632463396671698,0.007164150899859471,0.9682034927205823,0.7865458858529237
104999,6,0.007132896393231389,0.12633260426263074,0.007132896393231389,0.9682047040737823,0.7868343032815145
105019,6,0.007080879674811208,0.12634589585216274,0.007080879674811208,0.9682067225856404,0.7873149013429679
105023,6,0.007070487584390906,0.1263485553464879,0.007070487584390906,0.9682071262265072,0.7874110063112371
105031,6,0.00704971477806479,0.1263538755223604,0.00704971477806479,0.9682079334467503,0.7876032016072116
105037,6,0.007034145186479875,0.12635786669847346,0.007034145186479875,0.9682085388081357,0.7877473352704173
105071,6,0.006946082276267049,0.12638050050635,0.006946082276267049,0.9682119683186327,0.788563885388732
105097,6,0.00687893335831444,0.12639782876043987,0.00687893335831444,0.9682145898872415,0.7891880683908422
105107,6,0.006853152541470762,0.12640449819652996,0.006853152541470762,0.9682155979526161,0.7894280839562277
105137,6,0.0067759659076396615,0.12642452256235806,0.0067759659076396615,0.9682186213816343,0.790147948008167
105143,6,0.006760557080273466,0.12642853036634222,0.006760557080273466,0.9682192259294058,0.7902918879537646
105167,6,0.006699018784717917,0.12644457153206068,0.006699018784717917,0.9682216436605895,0.7908675382355983
105173,6,0.006683658773792021,0.12644858433864323,0.006683658773792021,0.9682222479784404,0.7910114234381869
105199,6,0.00661721453655902,0.12646598499650233,0.00661721453655902,0.9682248661580459,0.7916347995347494
105211,6,0.006586612441810519,0.12647402264266805,0.006586612441810519,0.9682260742576543,0.7919224422986426
105227,6,0.006545874229940156,0.12648474607302104,0.006545874229940156,0.9682276847713721,0.7923058979457454
105229,6,0.0065407871993012415,0.12648608703471356,0.0065407871993012415,0.9682278860626291,0.7923538244355063
105527,6,0.005797510975157418,0.1266873632677867,0.005797510975157418,0.9682578215810078,0.7994813288113896
105971,6,0.004763701224453756,0.12699443729615478,0.004763701224453756,0.9683022150355142,0.8100511989319498
106367,6,0.003963268945856617,0.1272798512143094,0.003963268945856617,0.9683416004727476,0.819428683987539
106801,6,0.0033180094141057994,0.1276142495384946,0.0033180094141057994,0.9683845413897061,0.8296527118347877
107323,6,0.003069384300158979,0.128065094679807,0.003069384300158979,0.9684358820412966,0.841876676499196
107941,6,0.0036361575687541177,0.12867810954485223,0.0036361575687541177,0.9684962359111003,0.856246645500087
108499,6,0.004678628156889092,0.12928077431004895,0.004678628156889092,0.9685503357112202,0.8691275502905235
109097,6,0.006052755236617045,0.12995099866169652,0.006052755236617045,0.9686079033398286,0.8828341285306244
109721,6,0.007614332523842083,0.13066313548120284,0.007614332523842083,0.9686675270541227,0.8970302509816083
