p,z,is_prime,inv_alpha_0_pred,inv_alpha_0_frac_err,inv_alpha_0_ppm,inv_alpha_0_status,inv_alpha_MZ_pred,inv_alpha_MZ_frac_err,inv_alpha_MZ_status,v_EW_GeV_pred,v_EW_GeV_frac_err,v_EW_GeV_status,sin2_theta_W_pred,sin2_theta_W_frac_err,sin2_theta_W_status,m_e_MeV_pred,m_mu_MeV_pred,m_tau_MeV_pred,m_e_frac_err,m_mu_frac_err,m_e_status,m_mu_status,Omega_Lambda_pred,Omega_Lambda_frac_err,Omega_Lambda_status,M_GUT_GeV,alpha_GUT,composite_score,n_observables_scored,runtime_s
105019,6,True,137.09551290505334,0.0004342933349715123,434.2933349715123,ok,128.01151290505334,0.00046511899035059026,ok [non-independent of inv_alpha_0],243.7567032942887,0.010004454169893942,ok,0.23121999999999998,1.2003968348598266e-16,ok [CIRCULAR: returns hardcoded exp value],0.5104452743464521,107.19350761275493,1776.8599999999997,0.0010835162255182769,0.014529204196925426,ok [NON-INDEPENDENT: no p/z parameters],ok [NON-INDEPENDENT: no p/z parameters],1.0532592229639985e-104,1.0,"ok [NON-INDEPENDENT: uses cosmological p_cosmo, not substrate p]",6.782250019137203e+17,0.011097947417610473,0.007080879674811208,2,2.4864000010893506e-05
104999,6,True,137.0911087867891,0.00040215493124058085,402.1549312405808,ok,128.0071087867891,0.0004306989088807176,ok [non-independent of inv_alpha_0],243.738245381185,0.010079419295000362,ok,0.23122,0.0,ok [CIRCULAR: returns hardcoded exp value],0.5104452743464521,107.19350761275493,1776.8599999999997,0.0010835162255182769,0.014529204196925426,ok [NON-INDEPENDENT: no p/z parameters],ok [NON-INDEPENDENT: no p/z parameters],1.0532592229639985e-104,1.0,"ok [NON-INDEPENDENT: uses cosmological p_cosmo, not substrate p]",6.782572963432954e+17,0.011098652011168752,0.007132896393231389,2,2.7944000009938463e-05
104987,6,True,137.08846594797788,0.0003828692046512741,382.8692046512741,ok,128.00446594797788,0.00041004398507158205,ok [non-independent of inv_alpha_0],243.7271695991584,0.010124402570228242,ok,0.23121999999999998,1.2003968348598266e-16,ok [CIRCULAR: returns hardcoded exp value],0.5104452743464521,107.19350761275493,1776.8599999999997,0.0010835162255182769,0.014529204196925426,ok [NON-INDEPENDENT: no p/z parameters],ok [NON-INDEPENDENT: no p/z parameters],1.0532592229639985e-104,1.0,"ok [NON-INDEPENDENT: uses cosmological p_cosmo, not substrate p]",6.78276676692096e+17,0.011099074853203664,0.007164150899859471,2,2.4784000004274276e-05
104971,6,True,137.0849417336101,0.00035715176987980205,357.15176987980203,ok,128.0009417336101,0.00038250073160320117,ok [non-independent of inv_alpha_0],243.7124006829687,0.010184385171924671,ok,0.23122,0.0,ok [CIRCULAR: returns hardcoded exp value],0.5104452743464521,107.19350761275493,1776.8599999999997,0.0010835162255182769,0.014529204196925426,ok [NON-INDEPENDENT: no p/z parameters],ok [NON-INDEPENDENT: no p/z parameters],1.0532592229639985e-104,1.0,"ok [NON-INDEPENDENT: uses cosmological p_cosmo, not substrate p]",6.783025214648718e+17,0.011099638742835795,0.007205874642153005,2,2.5219000008291914e-05
104959,6,True,137.08229825079172,0.00033786134374330477,337.86134374330476,ok,127.99829825079172,0.00036184077460080173,ok [non-independent of inv_alpha_0],243.70132309052593,0.01022937579999215,ok,0.23121999999999998,1.2003968348598266e-16,ok [CIRCULAR: returns hardcoded exp value],0.5104452743464521,107.19350761275493,1776.8599999999997,0.0010835162255182769,0.014529204196925426,ok [NON-INDEPENDENT: no p/z parameters],ok [NON-INDEPENDENT: no p/z parameters],1.0532592229639985e-104,1.0,"ok [NON-INDEPENDENT: uses cosmological p_cosmo, not substrate p]",6.783219082761585e+17,0.01110006173527136,0.0072372052459862245,2,2.6880000007167837e-05
104953,6,True,137.08097640584757,0.00032821537514385785,328.21537514385784,ok,127.99697640584756,0.0003515099869291897,ok [non-independent of inv_alpha_0],243.69578400326455,0.0102518722960582,ok,0.23122,0.0,ok [CIRCULAR: returns hardcoded exp value],0.5104452743464521,107.19350761275493,1776.8599999999997,0.0010835162255182769,0.014529204196925426,ok [NON-INDEPENDENT: no p/z parameters],ok [NON-INDEPENDENT: no p/z parameters],1.0532592229639985e-104,1.0,"ok [NON-INDEPENDENT: uses cosmological p_cosmo, not substrate p]",6.783316027208164e+17,0.011100273255670349,0.007252882561684232,2,2.8088999954434257e-05
104947,6,True,137.0796544918701,0.0003185689027839395,318.5689027839395,ok,127.99565449187008,0.00034117865973244714,ok [non-independent of inv_alpha_0],243.69024472195275,0.010274369580242252,ok,0.23122,0.0,ok [CIRCULAR: returns hardcoded exp value],0.5104452743464521,107.19350761275493,1776.8599999999997,0.0010835162255182769,0.014529204196925426,ok [NON-INDEPENDENT: no p/z parameters],ok [NON-INDEPENDENT: no p/z parameters],1.0532592229639985e-104,1.0,"ok [NON-INDEPENDENT: uses cosmological p_cosmo, not substrate p]",6.783412978582693e+17,0.01110048479219301,0.00726856782376103,2,3.845999998475236e-05
104933,6,True,137.07656975741747,0.0002960585079006006,296.0585079006006,ok,127.99256975741747,0.00031707013112317414,ok [non-independent of inv_alpha_0],243.67731897748445,0.01032686630864898,ok,0.23122,0.0,ok [CIRCULAR: returns hardcoded exp value],0.5104452743464521,107.19350761275493,1776.8599999999997,0.0010835162255182769,0.014529204196925426,ok [NON-INDEPENDENT: no p/z parameters],ok [NON-INDEPENDENT: no p/z parameters],1.0532592229639985e-104,1.0,"ok [NON-INDEPENDENT: uses cosmological p_cosmo, not substrate p]",6.783639225403638e+17,0.011100978440127801,0.0073051974099544266,2,2.7219999992667e-05
104917,6,True,137.0730438862195,0.0002703289826550625,270.3289826550625,ok,127.98904388621949,0.00028951392881309445,ok [non-independent of inv_alpha_0],243.6625454040129,0.010386867825469541,ok,0.23122,0.0,ok [CIRCULAR: returns hardcoded exp value],0.5104452743464521,107.19350761275493,1776.8599999999997,0.0010835162255182769,0.014529204196925426,ok [NON-INDEPENDENT: no p/z parameters],ok [NON-INDEPENDENT: no p/z parameters],1.0532592229639985e-104,1.0,"ok [NON-INDEPENDENT: uses cosmological p_cosmo, not substrate p]",6.78389783940582e+17,0.011101542716736683,0.007347111710823433,2,2.3830999964502553e-05
104911,6,True,137.07172155788405,0.000260679486578946,260.679486578946,ok,127.98772155788404,0.00027917936323031524,ok [non-independent of inv_alpha_0],243.65700495802372,0.010409369839884166,ok,0.23122,0.0,ok [CIRCULAR: returns hardcoded exp value],0.5104452743464521,107.19350761275493,1776.8599999999997,0.0010835162255182769,0.014529204196925426,ok [NON-INDEPENDENT: no p/z parameters],ok [NON-INDEPENDENT: no p/z parameters],1.0532592229639985e-104,1.0,"ok [NON-INDEPENDENT: uses cosmological p_cosmo, not substrate p]",6.783994832366783e+17,0.011101754350046558,0.007362843684956688,2,2.358199998298005e-05
104891,6,True,137.06731329776923,0.00022851085830403117,228.51085830403116,ok,127.98331329776923,0.00024472691141389375,ok [non-independent of inv_alpha_0],243.63853540224866,0.01048438225063494,ok,0.23122,0.0,ok [CIRCULAR: returns hardcoded exp value],0.5104452743464521,107.19350761275493,1776.8599999999997,0.0010835162255182769,0.014529204196925426,ok [NON-INDEPENDENT: no p/z parameters],ok [NON-INDEPENDENT: no p/z parameters],1.0532592229639985e-104,1.0,"ok [NON-INDEPENDENT: uses cosmological p_cosmo, not substrate p]",6.78431819232196e+17,0.011102459910982451,0.007415338441021819,2,2.3038999984237307e-05
104879,6,True,137.0646679731256,0.00020920699171929672,209.20699171929672,ok,127.9806679731256,0.00022405255975371392,ok [non-independent of inv_alpha_0],243.62745263290645,0.010529393904205769,ok,0.23122,0.0,ok [CIRCULAR: returns hardcoded exp value],0.5104452743464521,107.19350761275493,1776.8599999999997,0.0010835162255182769,0.014529204196925426,ok [NON-INDEPENDENT: no p/z parameters],ok [NON-INDEPENDENT: no p/z parameters],1.0532592229639985e-104,1.0,"ok [NON-INDEPENDENT: uses cosmological p_cosmo, not substrate p]",6.784512245291185e+17,0.011102883333650443,0.007446875302947869,2,2.357099998562262e-05
104869,6,True,137.06246332470636,0.00019311889491270434,193.11889491270435,ok,127.97846332470635,0.0002068222826243881,ok [non-independent of inv_alpha_0],243.6182163981893,0.010566906026361364,ok,0.23122000000000004,1.2003968348598266e-16,ok [CIRCULAR: returns hardcoded exp value],0.5104452743464521,107.19350761275493,1776.8599999999997,0.0010835162255182769,0.014529204196925426,ok [NON-INDEPENDENT: no p/z parameters],ok [NON-INDEPENDENT: no p/z parameters],1.0532592229639985e-104,1.0,"ok [NON-INDEPENDENT: uses cosmological p_cosmo, not substrate p]",6.784673977300933e+17,0.011103236235220958,0.00747317863688285,2,2.5151999977879314e-05
104851,6,True,137.0584944735571,0.00016415678878149554,164.15678878149555,ok,127.97449447355709,0.00017580400116519216,ok [non-independent of inv_alpha_0],243.60158981553963,0.01063443337040197,ok,0.23122,0.0,ok [CIRCULAR: returns hardcoded exp value],0.5104452743464521,107.19350761275493,1776.8599999999997,0.0010835162255182769,0.014529204196925426,ok [NON-INDEPENDENT: no p/z parameters],ok [NON-INDEPENDENT: no p/z parameters],1.0532592229639985e-104,1.0,"ok [NON-INDEPENDENT: uses cosmological p_cosmo, not substrate p]",6.784965143504367e+17,0.011103871571131359,0.007520575794472856,2,2.5648000018918538e-05
104849,6,True,137.0580534516768,0.00016093849663034214,160.93849663034214,ok,127.97405345167681,0.0001723572251845314,ok [non-independent of inv_alpha_0],243.59974230950175,0.010641936847121475,ok,0.23122,0.0,ok [CIRCULAR: returns hardcoded exp value],0.5104452743464521,107.19350761275493,1776.8599999999997,0.0010835162255182769,0.014529204196925426,ok [NON-INDEPENDENT: no p/z parameters],ok [NON-INDEPENDENT: no p/z parameters],1.0532592229639985e-104,1.0,"ok [NON-INDEPENDENT: uses cosmological p_cosmo, not substrate p]",6.784997499161599e+17,0.011103942172987167,0.007525846166970841,2,2.7898999974240724e-05
104831,6,True,137.0540839089016,0.00013197134346068265,131.97134346068265,ok,127.97008390890159,0.00014133353837054224,ok [non-independent of inv_alpha_0],243.5831137832815,0.010709472084796095,ok,0.23122,0.0,ok [CIRCULAR: returns hardcoded exp value],0.5104452743464521,107.19350761275493,1776.8599999999997,0.0010835162255182769,0.014529204196925426,ok [NON-INDEPENDENT: no p/z parameters],ok [NON-INDEPENDENT: no p/z parameters],1.0532592229639985e-104,1.0,"ok [NON-INDEPENDENT: uses cosmological p_cosmo, not substrate p]",6.785288734797775e+17,0.011104577670504108,0.007573315283629807,2,2.5115000028108625e-05
104827,6,True,137.05320170373076,0.00012553358129072705,125.53358129072706,ok,127.96920170373076,0.00013443872491842703,ok [non-independent of inv_alpha_0],243.57941831763276,0.010724480880380314,ok,0.23122,0.0,ok [CIRCULAR: returns hardcoded exp value],0.5104452743464521,107.19350761275493,1776.8599999999997,0.0010835162255182769,0.014529204196925426,ok [NON-INDEPENDENT: no p/z parameters],ok [NON-INDEPENDENT: no p/z parameters],1.0532592229639985e-104,1.0,"ok [NON-INDEPENDENT: uses cosmological p_cosmo, not substrate p]",6.785353462316872e+17,0.011104718911932751,0.007583872652994463,2,2.771999999140462e-05
104803,6,True,137.04790782684017,8.690229516170538e-05,86.90229516170538,ok,127.96390782684017,9.306479648752829e-05,ok [non-independent of inv_alpha_0],243.5572437089158,0.010814541024629223,ok,0.23122,0.0,ok [CIRCULAR: returns hardcoded exp value],0.5104452743464521,107.19350761275493,1776.8599999999997,0.0010835162255182769,0.014529204196925426,ok [NON-INDEPENDENT: no p/z parameters],ok [NON-INDEPENDENT: no p/z parameters],1.0532592229639985e-104,1.0,"ok [NON-INDEPENDENT: uses cosmological p_cosmo, not substrate p]",6.785741892276616e+17,0.011105566511437006,0.007647282183308421,2,3.50610000054985e-05
104801,6,True,137.04746662044582,8.368265654626583e-05,83.68265654626583,ok,127.96346662044581,8.961657844985646e-05,ok [non-independent of inv_alpha_0],243.55539568440156,0.010822046607093001,ok,0.23122000000000004,1.2003968348598266e-16,ok [CIRCULAR: returns hardcoded exp value],0.5104452743464521,107.19350761275493,1776.8599999999997,0.0010835162255182769,0.014529204196925426,ok [NON-INDEPENDENT: no p/z parameters],ok [NON-INDEPENDENT: no p/z parameters],1.0532592229639985e-104,1.0,"ok [NON-INDEPENDENT: uses cosmological p_cosmo, not substrate p]",6.785774266458785e+17,0.011105637156410919,0.007652571317965608,2,2.7600000009897485e-05
104789,6,True,137.04481922054677,6.436364609103475e-05,64.36364609103475,ok,127.96081922054677,6.892600777454985e-05,ok [non-independent of inv_alpha_0],243.54430708345242,0.010867081945201753,ok,0.23122,0.0,ok [CIRCULAR: returns hardcoded exp value],0.5104452743464521,107.19350761275493,1776.8599999999997,0.0010835162255182769,0.014529204196925426,ok [NON-INDEPENDENT: no p/z parameters],ok [NON-INDEPENDENT: no p/z parameters],1.0532592229639985e-104,1.0,"ok [NON-INDEPENDENT: uses cosmological p_cosmo, not substrate p]",6.785968527770988e+17,0.011106061064006549,0.007684322113324898,2,2.548700001625548e-05
104779,6,True,137.0426128424022,4.826292686899037e-05,48.26292686899037,ok,127.9586128424022,5.168221209676588e-05,ok [non-independent of inv_alpha_0],243.5350659882428,0.010904613807802806,ok,0.23122000000000004,1.2003968348598266e-16,ok [CIRCULAR: returns hardcoded exp value],0.5104452743464521,107.19350761275493,1776.8599999999997,0.0010835162255182769,0.014529204196925426,ok [NON-INDEPENDENT: no p/z parameters],ok [NON-INDEPENDENT: no p/z parameters],1.0532592229639985e-104,1.0,"ok [NON-INDEPENDENT: uses cosmological p_cosmo, not substrate p]",6.786130433440876e+17,0.01110641436978238,0.007710801891095166,2,2.8692999990198587e-05
104773,6,True,137.04128892318178,3.860182154429563e-05,38.60182154429563,ok,127.95728892318178,4.133521306255543e-05,ok [non-independent of inv_alpha_0],243.5295210716971,0.010927133978973661,ok,0.23122,0.0,ok [CIRCULAR: returns hardcoded exp value],0.5104452743464521,107.19350761275493,1776.8599999999997,0.0010835162255182769,0.014529204196925426,ok [NON-INDEPENDENT: no p/z parameters],ok [NON-INDEPENDENT: no p/z parameters],1.0532592229639985e-104,1.0,"ok [NON-INDEPENDENT: uses cosmological p_cosmo, not substrate p]",6.786227586114363e+17,0.01110662637482886,0.007726698748335776,2,2.617100000179562e-05
104761,6,True,137.038640876955,1.9278094607607316e-05,19.278094607607315,ok,127.95464087695498,2.063959105746378e-05,ok [non-independent of inv_alpha_0],243.51843065482745,0.010972176692277411,ok,0.23122,0.0,ok [CIRCULAR: returns hardcoded exp value],0.5104452743464521,107.19350761275493,1776.8599999999997,0.0010835162255182769,0.014529204196925426,ok [NON-INDEPENDENT: no p/z parameters],ok [NON-INDEPENDENT: no p/z parameters],1.0532592229639985e-104,1.0,"ok [NON-INDEPENDENT: uses cosmological p_cosmo, not substrate p]",6.786421912326514e+17,0.011107050433489123,0.0077585125188881195,2,2.6165999997829203e-05
104759,6,True,137.03819950897872,1.6057276872010852e-05,16.057276872010853,ok,127.95419950897872,1.719011018756782e-05,ok [non-independent of inv_alpha_0],243.51658217633312,0.010979684118539852,ok,0.23122,0.0,ok [CIRCULAR: returns hardcoded exp value],0.5104452743464521,107.19350761275493,1776.8599999999997,0.0010835162255182769,0.014529204196925426,ok [NON-INDEPENDENT: no p/z parameters],ok [NON-INDEPENDENT: no p/z parameters],1.0532592229639985e-104,1.0,"ok [NON-INDEPENDENT: uses cosmological p_cosmo, not substrate p]",6.786454302733673e+17,0.011107121116229197,0.007763817398002634,2,2.3955000017394923e-05
104743,6,True,137.0346682880364,9.71128734404077e-06,9.711287344040771,ok,127.95066828803641,1.0407902679029384e-05,ok [non-independent of inv_alpha_0],243.5017935698083,0.011039746690730587,ok,0.23122,0.0,ok [CIRCULAR: returns hardcoded exp value],0.5104452743464521,107.19350761275493,1776.8599999999997,0.0010835162255182769,0.014529204196925426,ok [NON-INDEPENDENT: no p/z parameters],ok [NON-INDEPENDENT: no p/z parameters],1.0532592229639985e-104,1.0,"ok [NON-INDEPENDENT: uses cosmological p_cosmo, not substrate p]",6.786713453821133e+17,0.01110768664293023,0.0078062827678927575,2,2.3967000004176953e-05
104729,6,True,137.03157806548276,3.226173083559348e-05,32.26173083559348,ok,127.94757806548276,3.455932316211844e-05,ok [non-independent of inv_alpha_0],243.4888524034982,0.011092306053536612,ok,0.23122,0.0,ok [CIRCULAR: returns hardcoded exp value],0.5104452743464521,107.19350761275493,1776.8599999999997,0.0010835162255182769,0.014529204196925426,ok [NON-INDEPENDENT: no p/z parameters],ok [NON-INDEPENDENT: no p/z parameters],1.0532592229639985e-104,1.0,"ok [NON-INDEPENDENT: uses cosmological p_cosmo, not substrate p]",6.786940251617665e+17,0.011108181573287572,0.007843478004195634,2,2.5445999995099555e-05
104723,6,True,137.03025356886906,4.192704960262246e-05,41.92704960262246,ok,127.94625356886905,4.4910834773544216e-05,ok [non-independent of inv_alpha_0],243.48330586484812,0.011114832812736085,ok,0.23122,0.0,ok [CIRCULAR: returns hardcoded exp value],0.5104452743464521,107.19350761275493,1776.8599999999997,0.0010835162255182769,0.014529204196925426,ok [NON-INDEPENDENT: no p/z parameters],ok [NON-INDEPENDENT: no p/z parameters],1.0532592229639985e-104,1.0,"ok [NON-INDEPENDENT: uses cosmological p_cosmo, not substrate p]",6.787037462274885e+17,0.011108393713303348,0.007859429570031247,2,2.5528000037411402e-05
104717,6,True,137.02892900293284,5.15928742404508e-05,51.592874240450804,ok,127.94492900293284,5.526288817025196e-05,ok [non-independent of inv_alpha_0],243.4777591314618,0.01113736036283894,ok,0.23122000000000004,1.2003968348598266e-16,ok [CIRCULAR: returns hardcoded exp value],0.5104452743464521,107.19350761275493,1776.8599999999997,0.0010835162255182769,0.014529204196925426,ok [NON-INDEPENDENT: no p/z parameters],ok [NON-INDEPENDENT: no p/z parameters],1.0532592229639985e-104,1.0,"ok [NON-INDEPENDENT: uses cosmological p_cosmo, not substrate p]",6.78713467989434e+17,0.011108605869525542,0.007875387535747314,2,2.9346000019359053e-05
104711,6,True,137.02760436766656,6.125920480424777e-05,61.25920480424777,ok,127.94360436766655,6.561548341132769e-05,ok [non-independent of inv_alpha_0],243.47221220332136,0.011159888703917783,ok,0.23121999999999998,1.2003968348598266e-16,ok [CIRCULAR: returns hardcoded exp value],0.5104452743464521,107.19350761275493,1776.8599999999997,0.0010835162255182769,0.014529204196925426,ok [NON-INDEPENDENT: no p/z parameters],ok [NON-INDEPENDENT: no p/z parameters],1.0532592229639985e-104,1.0,"ok [NON-INDEPENDENT: uses cosmological p_cosmo, not substrate p]",6.787231904476925e+17,0.011108818041956323,0.007891351866885832,2,2.6311999988593016e-05
104707,6,True,137.0267212389686,6.770370627724177e-05,67.70370627724176,ok,127.9427212389686,7.251751462576782e-05,ok [non-independent of inv_alpha_0],243.46851414302213,0.011174908037437516,ok,0.23122,0.0,ok [CIRCULAR: returns hardcoded exp value],0.5104452743464521,107.19350761275493,1776.8599999999997,0.0010835162255182769,0.014529204196925426,ok [NON-INDEPENDENT: no p/z parameters],ok [NON-INDEPENDENT: no p/z parameters],1.0532592229639985e-104,1.0,"ok [NON-INDEPENDENT: uses cosmological p_cosmo, not substrate p]",6.787296724734167e+17,0.011108959499249354,0.007901998273760544,2,2.8902999986257782e-05
104701,6,True,137.02539648813539,7.737088017370002e-05,77.37088017370003,ok,127.94139648813538,8.287101307221588e-05,ok [non-independent of inv_alpha_0],243.46296689025147,0.011197437696972356,ok,0.23122,0.0,ok [CIRCULAR: returns hardcoded exp value],0.5104452743464521,107.19350761275493,1776.8599999999997,0.0010835162255182769,0.014529204196925426,ok [NON-INDEPENDENT: no p/z parameters],ok [NON-INDEPENDENT: no p/z parameters],1.0532592229639985e-104,1.0,"ok [NON-INDEPENDENT: uses cosmological p_cosmo, not substrate p]",6.787393960923967e+17,0.011109171698699263,0.007917973138078849,2,5.052899996371707e-05
104693,6,True,137.02363004581164,9.026123260335045e-05,90.26123260335045,ok,127.93963004581164,9.667652079184522e-05,ok [non-independent of inv_alpha_0],243.45557025019554,0.011227478473740816,ok,0.23122,0.0,ok [CIRCULAR: returns hardcoded exp value],0.5104452743464521,107.19350761275493,1776.8599999999997,0.0010835162255182769,0.014529204196925426,ok [NON-INDEPENDENT: no p/z parameters],ok [NON-INDEPENDENT: no p/z parameters],1.0532592229639985e-104,1.0,"ok [NON-INDEPENDENT: uses cosmological p_cosmo, not substrate p]",6.787523620012452e+17,0.011109454656521866,0.007939282712198391,2,2.4349000000256638e-05
104683,6,True,137.021421819504,0.00010637543852289399,106.37543852289399,ok,127.93742181950401,0.00011393476066015487,ok [non-independent of inv_alpha_0],243.4463239630557,0.011265031422891295,ok,0.23122,0.0,ok [CIRCULAR: returns hardcoded exp value],0.5104452743464521,107.19350761275493,1776.8599999999997,0.0010835162255182769,0.014529204196925426,ok [NON-INDEPENDENT: no p/z parameters],ok [NON-INDEPENDENT: no p/z parameters],1.0532592229639985e-104,1.0,"ok [NON-INDEPENDENT: uses cosmological p_cosmo, not substrate p]",6.787685711290117e+17,0.011109808394343867,0.007965935246179485,2,2.6242999979331216e-05
104681,6,True,137.02098015111926,0.00010959844844513796,109.59844844513796,ok,127.93698015111926,0.00011738658935179194,ok [non-independent of inv_alpha_0],243.44447464067844,0.011272542276507038,ok,0.23121999999999998,1.2003968348598266e-16,ok [CIRCULAR: returns hardcoded exp value],0.5104452743464521,107.19350761275493,1776.8599999999997,0.0010835162255182769,0.014529204196925426,ok [NON-INDEPENDENT: no p/z parameters],ok [NON-INDEPENDENT: no p/z parameters],1.0532592229639985e-104,1.0,"ok [NON-INDEPENDENT: uses cosmological p_cosmo, not substrate p]",6.787718131868257e+17,0.011109879147314903,0.007971267816211549,2,3.0268000045907684e-05
104677,6,True,137.02009679122438,0.00011604463704368232,116.04463704368231,ok,127.93609679122437,0.00012429042746987855,ok [non-independent of inv_alpha_0],243.44077593096932,0.011287564247545592,ok,0.23122,0.0,ok [CIRCULAR: returns hardcoded exp value],0.5104452743464521,107.19350761275493,1776.8599999999997,0.0010835162255182769,0.014529204196925426,ok [NON-INDEPENDENT: no p/z parameters],ok [NON-INDEPENDENT: no p/z parameters],1.0532592229639985e-104,1.0,"ok [NON-INDEPENDENT: uses cosmological p_cosmo, not substrate p]",6.787782975347411e+17,0.011110020658664259,0.007981935009765993,2,2.6598999966154224e-05
104659,6,True,137.01612129007182,0.0001450552705934546,145.0552705934546,ok,127.93212129007182,0.00015536068156948504,ok [non-independent of inv_alpha_0],243.42413066539504,0.011355167470574927,ok,0.23121999999999998,1.2003968348598266e-16,ok [CIRCULAR: returns hardcoded exp value],0.5104452743464521,107.19350761275493,1776.8599999999997,0.0010835162255182769,0.014529204196925426,ok [NON-INDEPENDENT: no p/z parameters],ok [NON-INDEPENDENT: no p/z parameters],1.0532592229639985e-104,1.0,"ok [NON-INDEPENDENT: uses cosmological p_cosmo, not substrate p]",6.788074809337612e+17,0.011110657548972364,0.008029971024740063,2,2.5434999997742125e-05
104651,6,True,137.0143542001845,0.00015795034852286968,157.9503485228697,ok,127.9303542001845,0.00016917125027746487,ok [non-independent of inv_alpha_0],243.41673220648858,0.011385215634438403,ok,0.23122,0.0,ok [CIRCULAR: returns hardcoded exp value],0.5104452743464521,107.19350761275493,1776.8599999999997,0.0010835162255182769,0.014529204196925426,ok [NON-INDEPENDENT: no p/z parameters],ok [NON-INDEPENDENT: no p/z parameters],1.0532592229639985e-104,1.0,"ok [NON-INDEPENDENT: uses cosmological p_cosmo, not substrate p]",6.788204533472617e+17,0.01111094065821342,0.008051337881223815,2,2.6174000026912836e-05
104639,6,True,137.0117033339699,0.00017729465390476715,177.29465390476716,ok,127.9277033339699,0.0001898889117020172,ok [non-independent of inv_alpha_0],243.40563386827645,0.011430290519549776,ok,0.23122,0.0,ok [CIRCULAR: returns hardcoded exp value],0.5104452743464521,107.19350761275493,1776.8599999999997,0.0010835162255182769,0.014529204196925426,ok [NON-INDEPENDENT: no p/z parameters],ok [NON-INDEPENDENT: no p/z parameters],1.0532592229639985e-104,1.0,"ok [NON-INDEPENDENT: uses cosmological p_cosmo, not substrate p]",6.788399142919178e+17,0.011111365376184769,0.008083408153607384,2,2.622799996743197e-05
104623,6,True,137.00816841367333,0.00020309021361317991,203.0902136131799,ok,127.92416841367333,0.00021751583661583894,ok [non-independent of inv_alpha_0],243.39083487071213,0.011490395293996722,ok,0.23122,0.0,ok [CIRCULAR: returns hardcoded exp value],0.5104452743464521,107.19350761275493,1776.8599999999997,0.0010835162255182769,0.014529204196925426,ok [NON-INDEPENDENT: no p/z parameters],ok [NON-INDEPENDENT: no p/z parameters],1.0532592229639985e-104,1.0,"ok [NON-INDEPENDENT: uses cosmological p_cosmo, not substrate p]",6.788658665581359e+17,0.011111931767845177,0.00812620543818477,2,2.7027999976780848e-05
104597,6,True,137.00242311482077,0.0002450156849562097,245.0156849562097,ok,127.91842311482077,0.0002624178221460354,ok [non-independent of inv_alpha_0],243.3667835414785,0.011588077566897496,ok,0.23121999999999998,1.2003968348598266e-16,ok [CIRCULAR: returns hardcoded exp value],0.5104452743464521,107.19350761275493,1776.8599999999997,0.0010835162255182769,0.014529204196925426,ok [NON-INDEPENDENT: no p/z parameters],ok [NON-INDEPENDENT: no p/z parameters],1.0532592229639985e-104,1.0,"ok [NON-INDEPENDENT: uses cosmological p_cosmo, not substrate p]",6.789080495736099e+17,0.011112852400657567,0.008195839626978665,2,3.204399996548091e-05
104593,6,True,137.00153910690227,0.0002514666024115475,251.4666024115475,ok,127.91753910690227,0.0002693267248478347,ok [non-independent of inv_alpha_0],243.36308301182834,0.011603106929460084,ok,0.23122,0.0,ok [CIRCULAR: returns hardcoded exp value],0.5104452743464521,107.19350761275493,1776.8599999999997,0.0010835162255182769,0.014529204196925426,ok [NON-INDEPENDENT: no p/z parameters],ok [NON-INDEPENDENT: no p/z parameters],1.0532592229639985e-104,1.0,"ok [NON-INDEPENDENT: uses cosmological p_cosmo, not substrate p]",6.789145404316344e+17,0.01111299406355711,0.008206562187317324,2,3.6603000012291886e-05
104579,6,True,136.9984448359691,0.00027404658835571133,274.0465883557113,ok,127.9144448359691,0.0002935097851607737,ok [non-independent of inv_alpha_0],243.35013047507843,0.011655712472266952,ok,0.23122000000000004,1.2003968348598266e-16,ok [CIRCULAR: returns hardcoded exp value],0.5104452743464521,107.19350761275493,1776.8599999999997,0.0010835162255182769,0.014529204196925426,ok [NON-INDEPENDENT: no p/z parameters],ok [NON-INDEPENDENT: no p/z parameters],1.0532592229639985e-104,1.0,"ok [NON-INDEPENDENT: uses cosmological p_cosmo, not substrate p]",6.789372608784974e+17,0.011113489940596855,0.008244111073025058,2,2.7203999991343153e-05
104561,6,True,136.99446593157717,0.00030308205654318906,303.0820565431891,ok,127.91046593157716,0.0003246066370422817,ok [non-independent of inv_alpha_0],243.33347565217005,0.011723354511534187,ok,0.23122,0.0,ok [CIRCULAR: returns hardcoded exp value],0.5104452743464521,107.19350761275493,1776.8599999999997,0.0010835162255182769,0.014529204196925426,ok [NON-INDEPENDENT: no p/z parameters],ok [NON-INDEPENDENT: no p/z parameters],1.0532592229639985e-104,1.0,"ok [NON-INDEPENDENT: uses cosmological p_cosmo, not substrate p]",6.789664784688255e+17,0.01111412762686298,0.0082924332899369,2,3.057700001818375e-05
104551,6,True,136.99225515876645,0.0003192148451935485,319.2148451935485,ok,127.90825515876645,0.00034188477892918475,ok [non-independent of inv_alpha_0],243.32422221361244,0.011760936505513585,ok,0.23122,0.0,ok [CIRCULAR: returns hardcoded exp value],0.5104452743464521,107.19350761275493,1776.8599999999997,0.0010835162255182769,0.014529204196925426,ok [NON-INDEPENDENT: no p/z parameters],ok [NON-INDEPENDENT: no p/z parameters],1.0532592229639985e-104,1.0,"ok [NON-INDEPENDENT: uses cosmological p_cosmo, not substrate p]",6.789827131802794e+17,0.01111448196026011,0.008319300619767087,2,3.252899995231928e-05
104549,6,True,136.99181298102548,0.0003224415720677608,322.44157206776083,ok,127.90781298102547,0.000345340588459156,ok [non-independent of inv_alpha_0],243.32237146081974,0.01176845316863074,ok,0.23122,0.0,ok [CIRCULAR: returns hardcoded exp value],0.5104452743464521,107.19350761275493,1776.8599999999997,0.0010835162255182769,0.014529204196925426,ok [NON-INDEPENDENT: no p/z parameters],ok [NON-INDEPENDENT: no p/z parameters],1.0532592229639985e-104,1.0,"ok [NON-INDEPENDENT: uses cosmological p_cosmo, not substrate p]",6.789859603554912e+17,0.011114552832362111,0.008324675926114253,2,4.378200003429811e-05
104543,6,True,136.99048640143974,0.00033212209101609415,332.12209101609415,ok,127.90648640143974,0.0003557083793943227,ok [non-independent of inv_alpha_0],243.31681907226715,0.0117910036866739,ok,0.23122,0.0,ok [CIRCULAR: returns hardcoded exp value],0.5104452743464521,107.19350761275493,1776.8599999999997,0.0010835162255182769,0.014529204196925426,ok [NON-INDEPENDENT: no p/z parameters],ok [NON-INDEPENDENT: no p/z parameters],1.0532592229639985e-104,1.0,"ok [NON-INDEPENDENT: uses cosmological p_cosmo, not substrate p]",6.789957023470287e+17,0.011114765459514727,0.008340805507338558,2,2.9081999969093886e-05
104537,6,True,136.9891597523039,0.00034180311749611197,341.80311749611195,ok,127.90515975230389,0.00036607671389357165,ok [non-independent of inv_alpha_0],243.31126648843883,0.011813554997811577,ok,0.23122,0.0,ok [CIRCULAR: returns hardcoded exp value],0.5104452743464521,107.19350761275493,1776.8599999999997,0.0010835162255182769,0.014529204196925426,ok [NON-INDEPENDENT: no p/z parameters],ok [NON-INDEPENDENT: no p/z parameters],1.0532592229639985e-104,1.0,"ok [NON-INDEPENDENT: uses cosmological p_cosmo, not substrate p]",6.790054450374898e+17,0.011114978102938947,0.008356940560320174,2,3.469699998959186e-05
104527,6,True,136.9869485158344,0.00035793928962805314,357.93928962805313,ok,127.9029485158344,0.00038335847947357004,ok [non-independent of inv_alpha_0],243.30201174806348,0.011851142279004634,ok,0.23122,0.0,ok [CIRCULAR: returns hardcoded exp value],0.5104452743464521,107.19350761275493,1776.8599999999997,0.0010835162255182769,0.014529204196925426,ok [NON-INDEPENDENT: no p/z parameters],ok [NON-INDEPENDENT: no p/z parameters],1.0532592229639985e-104,1.0,"ok [NON-INDEPENDENT: uses cosmological p_cosmo, not substrate p]",6.790216844083333e+17,0.01111533254481102,0.008383844400162451,2,3.5737999951379607e-05
104513,6,True,136.98385246010758,0.00038053229984076864,380.53229984076864,ok,127.89985246010758,0.0004075554887177748,ok [non-independent of inv_alpha_0],243.28905420000854,0.011903768174768348,ok,0.23122000000000004,1.2003968348598266e-16,ok [CIRCULAR: returns hardcoded exp value],0.5104452743464521,107.19350761275493,1776.8599999999997,0.0010835162255182769,0.014529204196925426,ok [NON-INDEPENDENT: no p/z parameters],ok [NON-INDEPENDENT: no p/z parameters],1.0532592229639985e-104,1.0,"ok [NON-INDEPENDENT: uses cosmological p_cosmo, not substrate p]",6.790444227903744e+17,0.011115828839395455,0.008421534942926077,2,4.194599995344106e-05
104491,6,True,136.97898646417303,0.00041604118777589176,416.04118777589173,ok,127.89498646417303,0.00044558534315187033,ok [non-independent of inv_alpha_0],243.2686901896672,0.011986474739390738,ok,0.23121999999999998,1.2003968348598266e-16,ok [CIRCULAR: returns hardcoded exp value],0.5104452743464521,107.19350761275493,1776.8599999999997,0.0010835162255182769,0.014529204196925426,ok [NON-INDEPENDENT: no p/z parameters],ok [NON-INDEPENDENT: no p/z parameters],1.0532592229639985e-104,1.0,"ok [NON-INDEPENDENT: uses cosmological p_cosmo, not substrate p]",6.790801622271482e+17,0.011116608910003501,0.008480821509381573,2,5.09520000377961e-05
104479,6,True,136.97633189010548,0.00043541255066807287,435.41255066807287,ok,127.89233189010548,0.0004663319830445548,ok [non-independent of inv_alpha_0],243.25758144027193,0.012031591908569833,ok,0.23122,0.0,ok [CIRCULAR: returns hardcoded exp value],0.5104452743464521,107.19350761275493,1776.8599999999997,0.0010835162255182769,0.014529204196925426,ok [NON-INDEPENDENT: no p/z parameters],ok [NON-INDEPENDENT: no p/z parameters],1.0532592229639985e-104,1.0,"ok [NON-INDEPENDENT: uses cosmological p_cosmo, not substrate p]",6.790996604301064e+17,0.011117034495368428,0.008513189412424769,2,8.531599996786099e-05
104707,7,True,137.5267212389686,0.0035809725783646587,3580.9725783646586,ok,128.4427212389686,0.0038351978786467095,ok [non-independent of inv_alpha_0],259.1166757472103,0.05237866845589436,ok,0.23122,0.0,ok [CIRCULAR: returns hardcoded exp value],0.5104452743464521,107.19350761275493,1776.8599999999997,0.0010835162255182769,0.014529204196925426,ok [NON-INDEPENDENT: no p/z parameters],ok [NON-INDEPENDENT: no p/z parameters],1.0532592229639985e-104,1.0,"ok [NON-INDEPENDENT: uses cosmological p_cosmo, not substrate p]",6.787296724734167e+17,0.009521965285070873,0.03712376781672021,2,2.5968999977976637e-05
104711,7,True,137.52760436766656,0.003587417079837653,3587.4170798376526,ok,128.44360436766655,0.0038420999098611494,ok [non-independent of inv_alpha_0],259.12057306782447,0.05239449706695016,ok,0.23121999999999998,1.2003968348598266e-16,ok [CIRCULAR: returns hardcoded exp value],0.5104452743464521,107.19350761275493,1776.8599999999997,0.0010835162255182769,0.014529204196925426,ok [NON-INDEPENDENT: no p/z parameters],ok [NON-INDEPENDENT: no p/z parameters],1.0532592229639985e-104,1.0,"ok [NON-INDEPENDENT: uses cosmological p_cosmo, not substrate p]",6.787231904476925e+17,0.009521844035962563,0.03713524528129147,2,2.9473999973106402e-05
104717,7,True,137.52892900293284,0.00359708341040145,3597.08341040145,ok,128.44492900293284,0.0038524525051022254,ok [non-independent of inv_alpha_0],259.12641887692274,0.052418239285690615,ok,0.23122000000000004,1.2003968348598266e-16,ok [CIRCULAR: returns hardcoded exp value],0.5104452743464521,107.19350761275493,1776.8599999999997,0.0010835162255182769,0.014529204196925426,ok [NON-INDEPENDENT: no p/z parameters],ok [NON-INDEPENDENT: no p/z parameters],1.0532592229639985e-104,1.0,"ok [NON-INDEPENDENT: uses cosmological p_cosmo, not substrate p]",6.78713467989434e+17,0.009521662173879036,0.037152461687439395,2,2.654600001505969e-05
104723,7,True,137.53025356886906,0.003606749235039278,3606.749235039278,ok,128.44625356886905,0.003862804558498933,ok [non-independent of inv_alpha_0],259.1322644798504,0.05244198066708794,ok,0.23122,0.0,ok [CIRCULAR: returns hardcoded exp value],0.5104452743464521,107.19350761275493,1776.8599999999997,0.0010835162255182769,0.014529204196925426,ok [NON-INDEPENDENT: no p/z parameters],ok [NON-INDEPENDENT: no p/z parameters],1.0532592229639985e-104,1.0,"ok [NON-INDEPENDENT: uses cosmological p_cosmo, not substrate p]",6.787037462274885e+17,0.009521480325688583,0.03716967834358862,2,2.572599998984515e-05
104729,7,True,137.53157806548276,0.0036164145538063073,3616.414553806307,ok,128.44757806548276,0.003873156070110359,ok [non-independent of inv_alpha_0],259.1381098766264,0.05246572121121924,ok,0.23122,0.0,ok [CIRCULAR: returns hardcoded exp value],0.5104452743464521,107.19350761275493,1776.8599999999997,0.0010835162255182769,0.014529204196925426,ok [NON-INDEPENDENT: no p/z parameters],ok [NON-INDEPENDENT: no p/z parameters],1.0532592229639985e-104,1.0,"ok [NON-INDEPENDENT: uses cosmological p_cosmo, not substrate p]",6.786940251617665e+17,0.009521298491389349,0.03718689524844984,2,2.5853000011011318e-05
104743,7,True,137.5346682880364,0.00363896499729786,3638.96499729786,ok,128.4506682880364,0.003897307490593448,ok [non-independent of inv_alpha_0],259.15174833417655,0.0525211125585921,ok,0.23122,0.0,ok [CIRCULAR: returns hardcoded exp value],0.5104452743464521,107.19350761275493,1776.8599999999997,0.0010835162255182769,0.014529204196925426,ok [NON-INDEPENDENT: no p/z parameters],ok [NON-INDEPENDENT: no p/z parameters],1.0532592229639985e-104,1.0,"ok [NON-INDEPENDENT: uses cosmological p_cosmo, not substrate p]",6.786713453821133e+17,0.009520874265368769,0.0372270689864503,2,5.832400000826965e-05
104759,7,True,137.53819950897872,0.0036647335615139116,3664.733561513912,ok,128.45419950897872,0.003924905503460045,ok [non-independent of inv_alpha_0],259.167333768898,0.05258441137559096,ok,0.23122,0.0,ok [CIRCULAR: returns hardcoded exp value],0.5104452743464521,107.19350761275493,1776.8599999999997,0.0010835162255182769,0.014529204196925426,ok [NON-INDEPENDENT: no p/z parameters],ok [NON-INDEPENDENT: no p/z parameters],1.0532592229639985e-104,1.0,"ok [NON-INDEPENDENT: uses cosmological p_cosmo, not substrate p]",6.786454302733673e+17,0.009520389528196454,0.03727298345849354,2,2.7432000024418812e-05
104761,7,True,137.538640876955,0.003667954379249508,3667.954379249508,ok,128.45464087695498,0.003928354984329941,ok [non-independent of inv_alpha_0],259.1692818452121,0.052592323309284726,ok,0.23122,0.0,ok [CIRCULAR: returns hardcoded exp value],0.5104452743464521,107.19350761275493,1776.8599999999997,0.0010835162255182769,0.014529204196925426,ok [NON-INDEPENDENT: no p/z parameters],ok [NON-INDEPENDENT: no p/z parameters],1.0532592229639985e-104,1.0,"ok [NON-INDEPENDENT: uses cosmological p_cosmo, not substrate p]",6.786421912326514e+17,0.009520328942990677,0.03727872288850967,2,2.533700001094985e-05
104773,7,True,137.54128892318178,0.003687278106186196,3687.278106186196,ok,128.45728892318178,0.0039490506063350325,ok [non-independent of inv_alpha_0],259.18096982238166,0.05263979295906773,ok,0.23122,0.0,ok [CIRCULAR: returns hardcoded exp value],0.5104452743464521,107.19350761275493,1776.8599999999997,0.0010835162255182769,0.014529204196925426,ok [NON-INDEPENDENT: no p/z parameters],ok [NON-INDEPENDENT: no p/z parameters],1.0532592229639985e-104,1.0,"ok [NON-INDEPENDENT: uses cosmological p_cosmo, not substrate p]",6.786227586114363e+17,0.009519965464139022,0.03731316002837254,2,2.7351999960956164e-05
104773,5,True,136.54128892318178,0.003610074463097605,3610.074463097605,ok,127.45728892318178,0.0038663801802099216,ok [non-independent of inv_alpha_0],227.87807232101258,0.07449406091701494,ok,0.23122,0.0,ok [CIRCULAR: returns hardcoded exp value],0.5104452743464521,107.19350761275493,1776.8599999999997,0.0010835162255182769,0.014529204196925426,ok [NON-INDEPENDENT: no p/z parameters],ok [NON-INDEPENDENT: no p/z parameters],1.0532592229639985e-104,1.0,"ok [NON-INDEPENDENT: uses cosmological p_cosmo, not substrate p]",6.786227586114363e+17,0.01332795164979463,0.05273707305841424,2,3.483099999357364e-05
104761,5,True,136.538640876955,0.0036293981900342932,3629.3981900342933,ok,127.45464087695498,0.0038870758022150134,ok [non-independent of inv_alpha_0],227.86757946444285,0.07453667669383943,ok,0.23122,0.0,ok [CIRCULAR: returns hardcoded exp value],0.5104452743464521,107.19350761275493,1776.8599999999997,0.0010835162255182769,0.014529204196925426,ok [NON-INDEPENDENT: no p/z parameters],ok [NON-INDEPENDENT: no p/z parameters],1.0532592229639985e-104,1.0,"ok [NON-INDEPENDENT: uses cosmological p_cosmo, not substrate p]",6.786421912326514e+17,0.013328460520186948,0.0527678344438341,2,2.685200001906196e-05
104759,5,True,136.53819950897872,0.00363261900776989,3632.61900776989,ok,127.45419950897872,0.0038905252830849094,ok [non-independent of inv_alpha_0],227.86583058376823,0.07454377961267065,ok,0.23122,0.0,ok [CIRCULAR: returns hardcoded exp value],0.5104452743464521,107.19350761275493,1776.8599999999997,0.0010835162255182769,0.014529204196925426,ok [NON-INDEPENDENT: no p/z parameters],ok [NON-INDEPENDENT: no p/z parameters],1.0532592229639985e-104,1.0,"ok [NON-INDEPENDENT: uses cosmological p_cosmo, not substrate p]",6.786454302733673e+17,0.013328545339475037,0.05277296182610004,2,3.0508999998346553e-05
104743,5,True,136.5346682880364,0.003658387571985941,3658.387571985941,ok,127.45066828803641,0.003918123295951506,ok [non-independent of inv_alpha_0],227.85183880544008,0.07460060594005327,ok,0.23122,0.0,ok [CIRCULAR: returns hardcoded exp value],0.5104452743464521,107.19350761275493,1776.8599999999997,0.0010835162255182769,0.014529204196925426,ok [NON-INDEPENDENT: no p/z parameters],ok [NON-INDEPENDENT: no p/z parameters],1.0532592229639985e-104,1.0,"ok [NON-INDEPENDENT: uses cosmological p_cosmo, not substrate p]",6.786713453821133e+17,0.013329223971516278,0.05281398586667159,2,3.925400000071022e-05
104729,5,True,136.53157806548276,0.003680938015477494,3680.938015477494,ok,127.44757806548276,0.003942274716434596,ok [non-independent of inv_alpha_0],227.83959493037005,0.07465033331829236,ok,0.23122,0.0,ok [CIRCULAR: returns hardcoded exp value],0.5104452743464521,107.19350761275493,1776.8599999999997,0.0010835162255182769,0.014529204196925426,ok [NON-INDEPENDENT: no p/z parameters],ok [NON-INDEPENDENT: no p/z parameters],1.0532592229639985e-104,1.0,"ok [NON-INDEPENDENT: uses cosmological p_cosmo, not substrate p]",6.786940251617665e+17,0.013329817887945088,0.05284988916358264,2,2.9629999971803045e-05
104723,5,True,136.53025356886906,0.003690603334244523,3690.603334244523,ok,127.44625356886905,0.003952626228046021,ok [non-independent of inv_alpha_0],227.83434724984588,0.07467164629256,ok,0.23122,0.0,ok [CIRCULAR: returns hardcoded exp value],0.5104452743464521,107.19350761275493,1776.8599999999997,0.0010835162255182769,0.014529204196925426,ok [NON-INDEPENDENT: no p/z parameters],ok [NON-INDEPENDENT: no p/z parameters],1.0532592229639985e-104,1.0,"ok [NON-INDEPENDENT: uses cosmological p_cosmo, not substrate p]",6.787037462274885e+17,0.013330072455964015,0.052865278364026075,2,2.479099998708989e-05
104717,5,True,136.52892900293284,0.0037002691588823512,3700.2691588823513,ok,127.44492900293284,0.003962978281442729,ok [non-independent of inv_alpha_0],227.82909938600088,0.07469296001136838,ok,0.23122000000000004,1.2003968348598266e-16,ok [CIRCULAR: returns hardcoded exp value],0.5104452743464521,107.19350761275493,1776.8599999999997,0.0010835162255182769,0.014529204196925426,ok [NON-INDEPENDENT: no p/z parameters],ok [NON-INDEPENDENT: no p/z parameters],1.0532592229639985e-104,1.0,"ok [NON-INDEPENDENT: uses cosmological p_cosmo, not substrate p]",6.78713467989434e+17,0.01333032704343065,0.052880668807741324,2,2.65120000335628e-05
104711,5,True,136.52760436766656,0.0037099354894461482,3709.935489446148,ok,127.44360436766655,0.003973330876683805,ok [non-independent of inv_alpha_0],227.82385133881826,0.07471427447478572,ok,0.23121999999999998,1.2003968348598266e-16,ok [CIRCULAR: returns hardcoded exp value],0.5104452743464521,107.19350761275493,1776.8599999999997,0.0010835162255182769,0.014529204196925426,ok [NON-INDEPENDENT: no p/z parameters],ok [NON-INDEPENDENT: no p/z parameters],1.0532592229639985e-104,1.0,"ok [NON-INDEPENDENT: uses cosmological p_cosmo, not substrate p]",6.787231904476925e+17,0.01333058165034759,0.052896060494281937,2,5.227299999432944e-05
104707,5,True,136.5267212389686,0.0037163799909191424,3716.3799909191425,ok,127.4427212389686,0.003980232907898245,ok [non-independent of inv_alpha_0],227.82035253883396,0.0747284845307694,ok,0.23122,0.0,ok [CIRCULAR: returns hardcoded exp value],0.5104452743464521,107.19350761275493,1776.8599999999997,0.0010835162255182769,0.014529204196925426,ok [NON-INDEPENDENT: no p/z parameters],ok [NON-INDEPENDENT: no p/z parameters],1.0532592229639985e-104,1.0,"ok [NON-INDEPENDENT: uses cosmological p_cosmo, not substrate p]",6.787296724734167e+17,0.013330751399099222,0.052906322308880746,2,2.8054999972937367e-05
104707,8,True,138.0267212389686,0.007229648863006559,7229.64886300656,ok,128.9427212389686,0.0077429132719191865,ok [non-independent of inv_alpha_0],274.76483735139846,0.11593224494922612,ok,0.23122,0.0,ok [CIRCULAR: returns hardcoded exp value],0.5104452743464521,107.19350761275493,1776.8599999999997,0.0010835162255182769,0.014529204196925426,ok [NON-INDEPENDENT: no p/z parameters],ok [NON-INDEPENDENT: no p/z parameters],1.0532592229639985e-104,1.0,"ok [NON-INDEPENDENT: uses cosmological p_cosmo, not substrate p]",6.787296724734167e+17,0.008331719624437014,0.08213572073601635,2,2.4772000017492246e-05
104711,8,True,138.02760436766656,0.007236093364479553,7236.093364479553,ok,128.94360436766655,0.007749815303133627,ok [non-independent of inv_alpha_0],274.7689339323275,0.11594888283781786,ok,0.23121999999999998,1.2003968348598266e-16,ok [CIRCULAR: returns hardcoded exp value],0.5104452743464521,107.19350761275493,1776.8599999999997,0.0010835162255182769,0.014529204196925426,ok [NON-INDEPENDENT: no p/z parameters],ok [NON-INDEPENDENT: no p/z parameters],1.0532592229639985e-104,1.0,"ok [NON-INDEPENDENT: uses cosmological p_cosmo, not substrate p]",6.787231904476925e+17,0.008331613531467243,0.08214774640401731,2,2.733100001250932e-05
104717,8,True,138.02892900293284,0.00724575969504335,7245.75969504335,ok,128.94492900293284,0.007760167898374703,ok [non-independent of inv_alpha_0],274.77507862238366,0.11597383893422006,ok,0.23122000000000004,1.2003968348598266e-16,ok [CIRCULAR: returns hardcoded exp value],0.5104452743464521,107.19350761275493,1776.8599999999997,0.0010835162255182769,0.014529204196925426,ok [NON-INDEPENDENT: no p/z parameters],ok [NON-INDEPENDENT: no p/z parameters],1.0532592229639985e-104,1.0,"ok [NON-INDEPENDENT: uses cosmological p_cosmo, not substrate p]",6.78713467989434e+17,0.008331454402144157,0.08216578469989419,2,2.4890000020150183e-05
104723,8,True,138.03025356886906,0.0072554255196811785,7255.425519681178,ok,128.94625356886905,0.00777051995177141,ok [non-independent of inv_alpha_0],274.78122309485263,0.11599879414691185,ok,0.23122,0.0,ok [CIRCULAR: returns hardcoded exp value],0.5104452743464521,107.19350761275493,1776.8599999999997,0.0010835162255182769,0.014529204196925426,ok [NON-INDEPENDENT: no p/z parameters],ok [NON-INDEPENDENT: no p/z parameters],1.0532592229639985e-104,1.0,"ok [NON-INDEPENDENT: uses cosmological p_cosmo, not substrate p]",6.787037462274885e+17,0.00833129528497751,0.08218382274818223,2,4.9369000009846786e-05
104729,8,True,138.03157806548276,0.007265090838448208,7265.090838448207,ok,128.94757806548276,0.007780871463382836,ok [non-independent of inv_alpha_0],274.78736734975456,0.11602374847597499,ok,0.23122,0.0,ok [CIRCULAR: returns hardcoded exp value],0.5104452743464521,107.19350761275493,1776.8599999999997,0.0010835162255182769,0.014529204196925426,ok [NON-INDEPENDENT: no p/z parameters],ok [NON-INDEPENDENT: no p/z parameters],1.0532592229639985e-104,1.0,"ok [NON-INDEPENDENT: uses cosmological p_cosmo, not substrate p]",6.786940251617665e+17,0.00833113617996568,0.08220186054861292,2,2.780900001653208e-05
104743,8,True,138.0346682880364,0.007287641281939761,7287.641281939761,ok,128.9506682880364,0.007805022883865925,ok [non-independent of inv_alpha_0],274.80170309854475,0.11608197180791467,ok,0.23122,0.0,ok [CIRCULAR: returns hardcoded exp value],0.5104452743464521,107.19350761275493,1776.8599999999997,0.0010835162255182769,0.014529204196925426,ok [NON-INDEPENDENT: no p/z parameters],ok [NON-INDEPENDENT: no p/z parameters],1.0532592229639985e-104,1.0,"ok [NON-INDEPENDENT: uses cosmological p_cosmo, not substrate p]",6.786713453821133e+17,0.008330764982197673,0.08224394778422218,2,3.3629000029122835e-05
104759,8,True,138.03819950897872,0.007313409846155812,7313.409846155812,ok,128.95419950897872,0.007832620896732522,ok [non-independent of inv_alpha_0],274.81808536146286,0.11614850686972165,ok,0.23122,0.0,ok [CIRCULAR: returns hardcoded exp value],0.5104452743464521,107.19350761275493,1776.8599999999997,0.0010835162255182769,0.014529204196925426,ok [NON-INDEPENDENT: no p/z parameters],ok [NON-INDEPENDENT: no p/z parameters],1.0532592229639985e-104,1.0,"ok [NON-INDEPENDENT: uses cosmological p_cosmo, not substrate p]",6.786454302733673e+17,0.008330340837171898,0.0822920458235291,2,2.809599999409329e-05
104761,8,True,138.038640876955,0.007316630663891408,7316.630663891408,ok,128.95464087695498,0.007836070377602419,ok [non-independent of inv_alpha_0],274.8201330355967,0.11615682331084685,ok,0.23122,0.0,ok [CIRCULAR: returns hardcoded exp value],0.5104452743464521,107.19350761275493,1776.8599999999997,0.0010835162255182769,0.014529204196925426,ok [NON-INDEPENDENT: no p/z parameters],ok [NON-INDEPENDENT: no p/z parameters],1.0532592229639985e-104,1.0,"ok [NON-INDEPENDENT: uses cosmological p_cosmo, not substrate p]",6.786421912326514e+17,0.008330287825116842,0.08229805795381533,2,2.664800001639378e-05
104773,8,True,138.04128892318178,0.007335954390828097,7335.954390828097,ok,128.95728892318178,0.00785676599960751,ok [non-independent of inv_alpha_0],274.8324185730662,0.11620671989710912,ok,0.23122,0.0,ok [CIRCULAR: returns hardcoded exp value],0.5104452743464521,107.19350761275493,1776.8599999999997,0.0010835162255182769,0.014529204196925426,ok [NON-INDEPENDENT: no p/z parameters],ok [NON-INDEPENDENT: no p/z parameters],1.0532592229639985e-104,1.0,"ok [NON-INDEPENDENT: uses cosmological p_cosmo, not substrate p]",6.786227586114363e+17,0.008329969781121644,0.0823341301529004,2,3.261000000520653e-05
104773,4,True,136.04128892318178,0.007258750747739505,7258.750747739506,ok,126.95728892318178,0.007774095573482399,ok [non-independent of inv_alpha_0],212.226623570328,0.13806098785505644,ok,0.23122,0.0,ok [CIRCULAR: returns hardcoded exp value],0.5104452743464521,107.19350761275493,1776.8599999999997,0.0010835162255182769,0.014529204196925426,ok [NON-INDEPENDENT: no p/z parameters],ok [NON-INDEPENDENT: no p/z parameters],1.0532592229639985e-104,1.0,"ok [NON-INDEPENDENT: uses cosmological p_cosmo, not substrate p]",6.786227586114363e+17,0.01665993956224329,0.0977586973878331,2,2.6560000037534337e-05
104761,4,True,136.038640876955,0.007278074474676194,7278.074474676194,ok,126.95464087695498,0.0077947911954874905,ok [non-independent of inv_alpha_0],212.2167282740582,0.13810117669540167,ok,0.23122,0.0,ok [CIRCULAR: returns hardcoded exp value],0.5104452743464521,107.19350761275493,1776.8599999999997,0.0010835162255182769,0.014529204196925426,ok [NON-INDEPENDENT: no p/z parameters],ok [NON-INDEPENDENT: no p/z parameters],1.0532592229639985e-104,1.0,"ok [NON-INDEPENDENT: uses cosmological p_cosmo, not substrate p]",6.786421912326514e+17,0.016660575650233683,0.09778779415835466,2,2.6792000028308394e-05
104759,4,True,136.03819950897872,0.00728129529241179,7281.29529241179,ok,126.95419950897872,0.0077982406763573864,ok [non-independent of inv_alpha_0],212.21507899120334,0.13810787510680148,ok,0.23122,0.0,ok [CIRCULAR: returns hardcoded exp value],0.5104452743464521,107.19350761275493,1776.8599999999997,0.0010835162255182769,0.014529204196925426,ok [NON-INDEPENDENT: no p/z parameters],ok [NON-INDEPENDENT: no p/z parameters],1.0532592229639985e-104,1.0,"ok [NON-INDEPENDENT: uses cosmological p_cosmo, not substrate p]",6.786454302733673e+17,0.016660681674343796,0.09779264396581977,2,2.8115000020534353e-05
104743,4,True,136.0346682880364,0.007307063856627842,7307.063856627842,ok,126.95066828803641,0.007825838689223983,ok [non-independent of inv_alpha_0],212.20188404107188,0.13816146518937586,ok,0.23122,0.0,ok [CIRCULAR: returns hardcoded exp value],0.5104452743464521,107.19350761275493,1776.8599999999997,0.0010835162255182769,0.014529204196925426,ok [NON-INDEPENDENT: no p/z parameters],ok [NON-INDEPENDENT: no p/z parameters],1.0532592229639985e-104,1.0,"ok [NON-INDEPENDENT: uses cosmological p_cosmo, not substrate p]",6.786713453821133e+17,0.016661529964395346,0.09783144598103402,2,5.254699999568402e-05
104729,4,True,136.03157806548276,0.0073296143001193945,7329.614300119394,ok,126.94757806548276,0.007849990109707073,ok [non-independent of inv_alpha_0],212.19033745724184,0.13820836058304833,ok,0.23122,0.0,ok [CIRCULAR: returns hardcoded exp value],0.5104452743464521,107.19350761275493,1776.8599999999997,0.0010835162255182769,0.014529204196925426,ok [NON-INDEPENDENT: no p/z parameters],ok [NON-INDEPENDENT: no p/z parameters],1.0532592229639985e-104,1.0,"ok [NON-INDEPENDENT: uses cosmological p_cosmo, not substrate p]",6.786940251617665e+17,0.01666227235993136,0.0978654029288247,2,3.704600004539316e-05
104723,4,True,136.03025356886906,0.007339279618886424,7339.279618886424,ok,126.94625356886905,0.007860341621318498,ok [non-independent of inv_alpha_0],212.18538863484366,0.1382284597723838,ok,0.23122,0.0,ok [CIRCULAR: returns hardcoded exp value],0.5104452743464521,107.19350761275493,1776.8599999999997,0.0010835162255182769,0.014529204196925426,ok [NON-INDEPENDENT: no p/z parameters],ok [NON-INDEPENDENT: no p/z parameters],1.0532592229639985e-104,1.0,"ok [NON-INDEPENDENT: uses cosmological p_cosmo, not substrate p]",6.787037462274885e+17,0.01666259056995502,0.09787995738753089,2,2.5581000045349356e-05
104717,4,True,136.02892900293284,0.007348945443524252,7348.945443524252,ok,126.94492900293284,0.007870693674715207,ok [non-independent of inv_alpha_0],212.18043964054,0.1382485596598977,ok,0.23122000000000004,1.2003968348598266e-16,ok [CIRCULAR: returns hardcoded exp value],0.5104452743464521,107.19350761275493,1776.8599999999997,0.0010835162255182769,0.014529204196925426,ok [NON-INDEPENDENT: no p/z parameters],ok [NON-INDEPENDENT: no p/z parameters],1.0532592229639985e-104,1.0,"ok [NON-INDEPENDENT: uses cosmological p_cosmo, not substrate p]",6.78713467989434e+17,0.016662908804288314,0.09789451273480092,2,2.7831000011246942e-05
104711,4,True,136.02760436766656,0.007358611774088049,7358.611774088049,ok,126.94360436766655,0.007881046269956282,ok [non-independent of inv_alpha_0],212.17549047431515,0.13826866024565365,ok,0.23121999999999998,1.2003968348598266e-16,ok [CIRCULAR: returns hardcoded exp value],0.5104452743464521,107.19350761275493,1776.8599999999997,0.0010835162255182769,0.014529204196925426,ok [NON-INDEPENDENT: no p/z parameters],ok [NON-INDEPENDENT: no p/z parameters],1.0532592229639985e-104,1.0,"ok [NON-INDEPENDENT: uses cosmological p_cosmo, not substrate p]",6.787231904476925e+17,0.016663227062934487,0.09790906897057533,2,2.730800002836986e-05
104707,4,True,136.0267212389686,0.007365056275561043,7365.056275561043,ok,126.9427212389686,0.007887948301170723,ok [non-independent of inv_alpha_0],212.17219093464578,0.13828206102410126,ok,0.23122,0.0,ok [CIRCULAR: returns hardcoded exp value],0.5104452743464521,107.19350761275493,1776.8599999999997,0.0010835162255182769,0.014529204196925426,ok [NON-INDEPENDENT: no p/z parameters],ok [NON-INDEPENDENT: no p/z parameters],1.0532592229639985e-104,1.0,"ok [NON-INDEPENDENT: uses cosmological p_cosmo, not substrate p]",6.787296724734167e+17,0.016663439248874028,0.09791877362134252,2,3.562199998441429e-05
